"xchg_code","curr_pair_1","curr_pair_2","curr_pair","xchg_curr_pair","min_qty","max_qty","qty_precision","curr_precision"
"BitVavo","1INCH","EUR","1INCHEUR","1INCH-EUR",2.0,999999999.0,2,5
"Coinbase","1INCH","EUR","1INCHEUR","1INCH-EUR",0.22,88000.0,2,3
"Kraken","1INCH","EUR","1INCHEUR","1INCH/EUR",5.0,999999999.0,8,3
"Talos_All","1INCH","EUR","1INCHEUR","1INCH-EUR",5.0,88000.0,2,3
"Talos_Exchanges","1INCH","EUR","1INCHEUR","1INCH-EUR",5.0,88000.0,2,3
"Talos_Kraken","1INCH","EUR","1INCHEUR","1INCH-EUR",5.0,999999999.0,8,3
"Trever","1INCH","EUR","1INCHEUR","1INCH/EUR",0.1,900000.0,1,3
"Bitstamp","AAVE","EUR","AAVEEUR","AAVE/EUR",1.01807423,999999999.0,8,2
"BitVavo","AAVE","EUR","AAVEEUR","AAVE-EUR",0.008,999999999.0,2,5
"Coinbase","AAVE","EUR","AAVEEUR","AAVE-EUR",0.003,2400.0,3,2
"Kraken","AAVE","EUR","AAVEEUR","AAVE/EUR",0.02,999999999.0,8,2
"Talos_All","AAVE","EUR","AAVEEUR","AAVE-EUR",1.01807423,2400.0,3,2
"Talos_Exchanges","AAVE","EUR","AAVEEUR","AAVE-EUR",1.01807423,2400.0,3,2
"Talos_Kraken","AAVE","EUR","AAVEEUR","AAVE-EUR",0.02,999999999.0,8,2
"Trever","AAVE","EUR","AAVEEUR","AAVE/EUR",0.001,900000.0,3,1
"ManualPricing","ACA","ADA","ACAADA","ACA-ADA",1.0,10.0,3,3
"Binance","ADA","BRL","ADABRL","adabrl",0.1,9222449.0,1,3
"Talos_All","ADA","BRL","ADABRL","ADA-BRL",0.1,9222449.0,1,3
"Talos_Binance","ADA","BRL","ADABRL","ADA-BRL",0.1,9222449.0,1,3
"Talos_Exchanges","ADA","BRL","ADABRL","ADA-BRL",0.1,9222449.0,1,3
"B2C2","ADA","CAD","ADACAD","ADACAD.SPOT",1.0,4000000.0,4,5
"Talos_All","ADA","CAD","ADACAD","ADA-CAD",1.0,4000000.0,4,5
"Talos_OTC","ADA","CAD","ADACAD","ADA-CAD",1.0,4000000.0,4,5
"B2C2","ADA","EUR","ADAEUR","ADAEUR.SPOT",1.0,4000000.0,4,5
"Binance","ADA","EUR","ADAEUR","adaeur",0.1,900000.0,1,4
"Bitstamp","ADA","EUR","ADAEUR","ADA/EUR",196.01720332,999999999.0,8,5
"BitVavo","ADA","EUR","ADAEUR","ADA-EUR",3.0,999999999.0,2,5
"Coinbase","ADA","EUR","ADAEUR","ADA-EUR",0.48,880000.0,2,4
"Kraken","ADA","EUR","ADAEUR","ADA/EUR",2.5,999999999.0,8,6
"Talos_All","ADA","EUR","ADAEUR","ADA-EUR",196.01720332,880000.0,1,4
"Talos_Binance","ADA","EUR","ADAEUR","ADA-EUR",0.1,900000.0,1,4
"Talos_Exchanges","ADA","EUR","ADAEUR","ADA-EUR",196.01720332,880000.0,1,4
"Talos_Kraken","ADA","EUR","ADAEUR","ADA-EUR",2.5,999999999.0,8,6
"Talos_OTC","ADA","EUR","ADAEUR","ADA-EUR",1.0,4000000.0,4,5
"B2C2","AKT","EUR","AKTEUR","akteur.spottest",1.0,100.0,3,4
"Bitstamp","ALGO","EUR","ALGOEUR","ALGO/EUR",286.76059367,999999999.0,8,5
"BitVavo","ALGO","EUR","ALGOEUR","ALGO-EUR",4.0,999999999.0,2,5
"Coinbase","ALGO","EUR","ALGOEUR","ALGO-EUR",1.0,610000.0,0,4
"Kraken","ALGO","EUR","ALGOEUR","ALGO/EUR",2.5,999999999.0,8,5
"Talos_All","ALGO","EUR","ALGOEUR","ALGO-EUR",286.76059367,610000.0,0,4
"Talos_Exchanges","ALGO","EUR","ALGOEUR","ALGO-EUR",286.76059367,610000.0,0,4
"Talos_Kraken","ALGO","EUR","ALGOEUR","ALGO-EUR",2.5,999999999.0,8,5
"BitVavo","ALICE","EUR","ALICEEUR","ALICE-EUR",0.6,999999999.0,2,5
"Kraken","ALICE","EUR","ALICEEUR","ALICE/EUR",1.0,999999999.0,8,3
"Talos_All","ALICE","EUR","ALICEEUR","ALICE-EUR",1.0,999999999.0,8,3
"Talos_Exchanges","ALICE","EUR","ALICEEUR","ALICE-EUR",1.0,999999999.0,8,3
"Talos_Kraken","ALICE","EUR","ALICEEUR","ALICE-EUR",1.0,999999999.0,8,3
"Bitstamp","ALPHA","EUR","ALPHAEUR","ALPHA/EUR",723.76363354,999999999.0,8,5
"BitVavo","ALPHA","EUR","ALPHAEUR","ALPHA-EUR",7.0,999999999.0,2,5
"Talos_All","ALPHA","EUR","ALPHAEUR","ALPHA-EUR",723.76363354,999999999.0,8,5
"Talos_Exchanges","ALPHA","EUR","ALPHAEUR","ALPHA-EUR",723.76363354,999999999.0,8,5
"Bitstamp","AMP","EUR","AMPEUR","AMP/EUR",9503.45132387,999999999.0,8,5
"BitVavo","AMP","EUR","AMPEUR","AMP-EUR",80.0,999999999.0,2,5
"Talos_All","AMP","EUR","AMPEUR","AMP-EUR",9503.45132387,999999999.0,8,5
"Talos_Exchanges","AMP","EUR","AMPEUR","AMP-EUR",9503.45132387,999999999.0,8,5
"Trever","AMP","EUR","AMPEUR","AMP/EUR",1.0,92141578.0,0,5
"BitVavo","ANKR","EUR","ANKREUR","ANKR-EUR",60.0,999999999.0,2,5
"Coinbase","ANKR","EUR","ANKREUR","ANKR-EUR",7.0,4200000.0,0,5
"Kraken","ANKR","EUR","ANKREUR","ANKR/EUR",50.0,999999999.0,8,5
"Talos_All","ANKR","EUR","ANKREUR","ANKR-EUR",50.0,4200000.0,0,5
"Talos_Exchanges","ANKR","EUR","ANKREUR","ANKR-EUR",50.0,4200000.0,0,5
"Talos_Kraken","ANKR","EUR","ANKREUR","ANKR-EUR",50.0,999999999.0,8,5
"BitVavo","ANT","EUR","ANTEUR","ANT-EUR",0.5,999999999.0,2,5
"Kraken","ANT","EUR","ANTEUR","ANT/EUR",1.0,999999999.0,8,4
"Talos_All","ANT","EUR","ANTEUR","ANT-EUR",1.0,999999999.0,8,4
"Talos_Exchanges","ANT","EUR","ANTEUR","ANT-EUR",1.0,999999999.0,8,4
"Talos_Kraken","ANT","EUR","ANTEUR","ANT-EUR",1.0,999999999.0,8,4
"Trever","ANT","EUR","ANTEUR","ANT/EUR",0.1,900000.0,1,3
"Enigma","APE","APE","APEAPE","APEAPE.spot",1.0,4.0,2,1
"Binance","APE","BRL","APEBRL","apebrl",0.01,922327.0,2,2
"Talos_All","APE","BRL","APEBRL","APE-BRL",0.01,922327.0,2,2
"Talos_Binance","APE","BRL","APEBRL","APE-BRL",0.01,922327.0,2,2
"Talos_Exchanges","APE","BRL","APEBRL","APE-BRL",0.01,922327.0,2,2
"Binance","APE","EUR","APEEUR","apeeur",0.01,92141578.0,2,4
"BitVavo","APE","EUR","APEEUR","APE-EUR",0.3,999999999.0,2,5
"Kraken","APE","EUR","APEEUR","APE/EUR",0.5,999999999.0,8,4
"Talos_All","APE","EUR","APEEUR","APE-EUR",0.5,92141578.0,2,4
"Talos_Binance","APE","EUR","APEEUR","APE-EUR",0.01,92141578.0,2,4
"Talos_Exchanges","APE","EUR","APEEUR","APE-EUR",0.5,92141578.0,2,4
"Talos_Kraken","APE","EUR","APEEUR","APE-EUR",0.5,999999999.0,8,4
"Binance","ATOM","BRL","ATOMBRL","atombrl",0.001,922327.0,3,1
"Talos_All","ATOM","BRL","ATOMBRL","ATOM-BRL",0.001,922327.0,3,1
"Talos_Binance","ATOM","BRL","ATOMBRL","ATOM-BRL",0.001,922327.0,3,1
"Talos_Exchanges","ATOM","BRL","ATOMBRL","ATOM-BRL",0.001,922327.0,3,1
"Binance","ATOM","EUR","ATOMEUR","atomeur",0.01,90000.0,2,2
"Coinbase","ATOM","EUR","ATOMEUR","ATOM-EUR",0.029,11000.0,3,2
"Kraken","ATOM","EUR","ATOMEUR","ATOM/EUR",0.15,999999999.0,8,4
"Talos_All","ATOM","EUR","ATOMEUR","ATOM-EUR",0.15,11000.0,2,2
"Talos_Binance","ATOM","EUR","ATOMEUR","ATOM-EUR",0.01,90000.0,2,2
"Talos_Exchanges","ATOM","EUR","ATOMEUR","ATOM-EUR",0.15,11000.0,2,2
"Talos_Kraken","ATOM","EUR","ATOMEUR","ATOM-EUR",0.15,999999999.0,8,4
"Trever","ATOM","EUR","ATOMEUR","ATOM/EUR",0.01,90000.0,2,2
"Bitstamp","AUDIO","EUR","AUDIOEUR","AUDIO/EUR",278.0498598,999999999.0,8,5
"BitVavo","AUDIO","EUR","AUDIOEUR","AUDIO-EUR",4.0,999999999.0,2,5
"Kraken","AUDIO","EUR","AUDIOEUR","AUDIO/EUR",5.0,999999999.0,8,4
"Talos_All","AUDIO","EUR","AUDIOEUR","AUDIO-EUR",278.0498598,999999999.0,8,4
"Talos_Exchanges","AUDIO","EUR","AUDIOEUR","AUDIO-EUR",278.0498598,999999999.0,8,4
"Talos_Kraken","AUDIO","EUR","AUDIOEUR","AUDIO-EUR",5.0,999999999.0,8,4
"Enigma","AVAX","AAVE","AVAXAAVE","AVAXAAVE.spot",1.0,4.0,4,2
"Binance","AVAX","BRL","AVAXBRL","avaxbrl",0.01,922327.0,2,1
"Talos_All","AVAX","BRL","AVAXBRL","AVAX-BRL",0.01,922327.0,2,1
"Talos_Binance","AVAX","BRL","AVAXBRL","AVAX-BRL",0.01,922327.0,2,1
"Talos_Exchanges","AVAX","BRL","AVAXBRL","AVAX-BRL",0.01,922327.0,2,1
"B2C2","AVAX","CAD","AVAXCAD","AVXCAD.SPOT",0.1,4000.0,4,5
"Talos_All","AVAX","CAD","AVAXCAD","AVAX-CAD",0.1,4000.0,4,5
"Talos_OTC","AVAX","CAD","AVAXCAD","AVAX-CAD",0.1,4000.0,4,5
"B2C2","AVAX","EUR","AVAXEUR","AVXEUR.SPOT",0.1,4000.0,4,5
"Binance","AVAX","EUR","AVAXEUR","avaxeur",0.01,90000.0,2,2
"Bitstamp","AVAX","EUR","AVAXEUR","AVAX/EUR",4.69539476,999999999.0,8,5
"BitVavo","AVAX","EUR","AVAXEUR","AVAX-EUR",0.3,999999999.0,2,5
"Coinbase","AVAX","EUR","AVAXEUR","AVAX-EUR",0.01,9700.0,3,2
"Kraken","AVAX","EUR","AVAXEUR","AVAX/EUR",0.1,999999999.0,8,2
"Talos_All","AVAX","EUR","AVAXEUR","AVAX-EUR",4.69539476,4000.0,2,2
"Talos_Binance","AVAX","EUR","AVAXEUR","AVAX-EUR",0.01,90000.0,2,2
"Talos_Exchanges","AVAX","EUR","AVAXEUR","AVAX-EUR",4.69539476,9700.0,2,2
"Talos_Kraken","AVAX","EUR","AVAXEUR","AVAX-EUR",0.1,999999999.0,8,2
"Talos_OTC","AVAX","EUR","AVAXEUR","AVAX-EUR",0.1,4000.0,4,5
"Binance","AXS","BRL","AXSBRL","axsbrl",0.01,922327.0,2,1
"Talos_All","AXS","BRL","AXSBRL","AXS-BRL",0.01,922327.0,2,1
"Talos_Binance","AXS","BRL","AXSBRL","AXS-BRL",0.01,922327.0,2,1
"Talos_Exchanges","AXS","BRL","AXSBRL","AXS-BRL",0.01,922327.0,2,1
"Bitstamp","AXS","EUR","AXSEUR","AXS/EUR",5.46510966,999999999.0,8,5
"BitVavo","AXS","EUR","AXSEUR","AXS-EUR",0.1,999999999.0,2,5
"Coinbase","AXS","EUR","AXSEUR","AXS-EUR",0.006,5400.0,3,2
"Kraken","AXS","EUR","AXSEUR","AXS/EUR",0.25,999999999.0,8,3
"Talos_All","AXS","EUR","AXSEUR","AXS-EUR",5.46510966,5400.0,3,2
"Talos_Exchanges","AXS","EUR","AXSEUR","AXS-EUR",5.46510966,5400.0,3,2
"Talos_Kraken","AXS","EUR","AXSEUR","AXS-EUR",0.25,999999999.0,8,3
"Trever","AXS","EUR","AXSEUR","AXS/EUR",0.01,900000.0,2,2
"BitVavo","BAL","EUR","BALEUR","BAL-EUR",0.08,999999999.0,2,5
"Kraken","BAL","EUR","BALEUR","BAL/EUR",0.15,999999999.0,8,2
"Talos_All","BAL","EUR","BALEUR","BAL-EUR",0.15,999999999.0,8,2
"Talos_Exchanges","BAL","EUR","BALEUR","BAL-EUR",0.15,999999999.0,8,2
"Talos_Kraken","BAL","EUR","BALEUR","BAL-EUR",0.15,999999999.0,8,2
"Trever","BAL","EUR","BALEUR","BAL/EUR",0.01,90000.0,2,2
"BitVavo","BAND","EUR","BANDEUR","BAND-EUR",0.2,999999999.0,2,5
"Coinbase","BAND","EUR","BANDEUR","BAND-EUR",0.11,38000.0,2,2
"Kraken","BAND","EUR","BANDEUR","BAND/EUR",1.0,999999999.0,8,3
"Talos_All","BAND","EUR","BANDEUR","BAND-EUR",1.0,38000.0,2,2
"Talos_Exchanges","BAND","EUR","BANDEUR","BAND-EUR",1.0,38000.0,2,2
"Talos_Kraken","BAND","EUR","BANDEUR","BAND-EUR",1.0,999999999.0,8,3
"Bitstamp","BAT","EUR","BATEUR","BAT/EUR",287.65176379,999999999.0,8,5
"BitVavo","BAT","EUR","BATEUR","BAT-EUR",3.0,999999999.0,2,5
"Coinbase","BAT","EUR","BATEUR","BAT-EUR",0.9,340000.0,2,3
"Kraken","BAT","EUR","BATEUR","BAT/EUR",5.0,999999999.0,8,5
"Talos_All","BAT","EUR","BATEUR","BAT-EUR",287.65176379,340000.0,2,3
"Talos_Exchanges","BAT","EUR","BATEUR","BAT-EUR",287.65176379,340000.0,2,3
"Talos_Kraken","BAT","EUR","BATEUR","BAT-EUR",5.0,999999999.0,8,5
"Trever","BAT","EUR","BATEUR","BAT/EUR",1.0,900000.0,0,4
"B2C2","BCH","CAD","BCHCAD","BCHCAD.SPOT",0.01,500.0,4,5
"Talos_All","BCH","CAD","BCHCAD","BCH-CAD",0.01,500.0,4,5
"Talos_OTC","BCH","CAD","BCHCAD","BCH-CAD",0.01,500.0,4,5
"B2C2","BCH","EUR","BCHEUR","BCHEUR.SPOT",0.01,500.0,4,5
"Binance","BCH","EUR","BCHEUR","bcheur",0.001,90000.0,3,1
"Bitstamp","BCH","EUR","BCHEUR","BCH/EUR",0.58886925,999999999.0,8,2
"Coinbase","BCH","EUR","BCHEUR","BCH-EUR",0.0015,2200.0,8,2
"FlowTraders","BCH","EUR","BCHEUR","BCH/EUR",2.0,750.0,5,5
"Kraken","BCH","EUR","BCHEUR","BCH/EUR",0.01,999999999.0,8,2
"Talos_All","BCH","EUR","BCHEUR","BCH-EUR",2.0,500.0,3,1
"Talos_Binance","BCH","EUR","BCHEUR","BCH-EUR",0.001,90000.0,3,1
"Talos_Exchanges","BCH","EUR","BCHEUR","BCH-EUR",0.58886925,2200.0,3,1
"Talos_Kraken","BCH","EUR","BCHEUR","BCH-EUR",0.01,999999999.0,8,2
"Talos_OTC","BCH","EUR","BCHEUR","BCH-EUR",2.0,500.0,4,5
"Binance","BNB","BRL","BNBBRL","bnbbrl",0.001,45000.0,3,0
"Talos_All","BNB","BRL","BNBBRL","BNB-BRL",0.001,45000.0,3,0
"Talos_Binance","BNB","BRL","BNBBRL","BNB-BRL",0.001,45000.0,3,0
"Talos_Exchanges","BNB","BRL","BNBBRL","BNB-BRL",0.001,45000.0,3,0
"B2C2","BNB","CAD","BNBCAD","BNBCAD.SPOT",0.01,1700.0,4,5
"Talos_All","BNB","CAD","BNBCAD","BNB-CAD",0.01,1700.0,4,5
"Talos_OTC","BNB","CAD","BNBCAD","BNB-CAD",0.01,1700.0,4,5
"B2C2","BNB","EUR","BNBEUR","BNBEUR.SPOT",0.01,1700.0,4,5
"Binance","BNB","EUR","BNBEUR","bnbeur",0.001,9222449.0,3,1
"Talos_All","BNB","EUR","BNBEUR","BNB-EUR",0.01,1700.0,3,1
"Talos_Binance","BNB","EUR","BNBEUR","BNB-EUR",0.001,9222449.0,3,1
"Talos_Exchanges","BNB","EUR","BNBEUR","BNB-EUR",0.001,9222449.0,3,1
"Talos_OTC","BNB","EUR","BNBEUR","BNB-EUR",0.01,1700.0,4,5
"Trever","BNB","EUR","BNBEUR","BNB/EUR",0.001,900000.0,3,1
"Coinbase","BNT","EUR","BNTEUR","BNT-EUR",0.22,65000.0,6,3
"Kraken","BNT","EUR","BNTEUR","BNT/EUR",1.0,999999999.0,8,3
"Talos_All","BNT","EUR","BNTEUR","BNT-EUR",1.0,65000.0,6,3
"Talos_Exchanges","BNT","EUR","BNTEUR","BNT-EUR",1.0,65000.0,6,3
"Talos_Kraken","BNT","EUR","BNTEUR","BNT-EUR",1.0,999999999.0,8,3
"Trever","BNT","EUR","BNTEUR","BNT/EUR",0.1,900000.0,1,3
"BitVavo","BOND","EUR","BONDEUR","BOND-EUR",0.2,999999999.0,2,5
"Kraken","BOND","EUR","BONDEUR","BOND/EUR",0.5,999999999.0,8,3
"Talos_All","BOND","EUR","BONDEUR","BOND-EUR",0.5,999999999.0,8,3
"Talos_Exchanges","BOND","EUR","BONDEUR","BOND-EUR",0.5,999999999.0,8,3
"Talos_Kraken","BOND","EUR","BONDEUR","BOND-EUR",0.5,999999999.0,8,3
"Binance","BTC","BRL","BTCBRL","btcbrl",1e-05,9000.0,5,0
"Talos_All","BTC","BRL","BTCBRL","BTC-BRL",1e-05,9000.0,5,0
"Talos_Binance","BTC","BRL","BTCBRL","BTC-BRL",1e-05,9000.0,5,0
"Talos_Exchanges","BTC","BRL","BTCBRL","BTC-BRL",1e-05,9000.0,5,0
"B2C2","BTC","CAD","BTCCAD","BTCCAD.SPOT",0.0005,100.0,4,5
"Kraken","BTC","CAD","BTCCAD","XBT/CAD",0.0001,999999999.0,8,1
"Talos_All","BTC","CAD","BTCCAD","BTC-CAD",0.0005,100.0,4,1
"Talos_Exchanges","BTC","CAD","BTCCAD","BTC-CAD",0.0001,999999999.0,8,1
"Talos_Kraken","BTC","CAD","BTCCAD","BTC-CAD",0.0001,999999999.0,8,1
"Talos_OTC","BTC","CAD","BTCCAD","BTC-CAD",0.0005,100.0,4,5
"B2C2","BTC","EUR","BTCEUR","BTCEUR.SPOT",0.0005,100.0,4,5
"Binance","BTC","EUR","BTCEUR","btceur",1e-05,9000.0,5,2
"Bitfinex","BTC","EUR","BTCEUR","tBTCEUR",6e-05,2000.0,8,5
"Bitstamp","BTC","EUR","BTCEUR","BTC/EUR",0.00363645,999999999.0,8,2
"Coinbase","BTC","EUR","BTCEUR","BTC-EUR",1.5e-05,220.0,8,2
"Enigma","BTC","EUR","BTCEUR","BTC-EUR",0.001,100.0,8,2
"FlowTraders","BTC","EUR","BTCEUR","XBT/EUR",0.1,100.0,5,5
"Kraken","BTC","EUR","BTCEUR","XBT/EUR",0.0001,999999999.0,8,1
"Scrypt","BTC","EUR","BTCEUR","BTC-EUR",0.005,100.0,8,3
"Talos_All","BTC","EUR","BTCEUR","BTC-EUR",0.1,100.0,4,1
"Talos_Binance","BTC","EUR","BTCEUR","BTC-EUR",1e-05,9000.0,5,2
"Talos_Exchanges","BTC","EUR","BTCEUR","BTC-EUR",0.00363645,220.0,5,1
"Talos_Kraken","BTC","EUR","BTCEUR","BTC-EUR",0.0001,999999999.0,8,1
"Talos_OTC","BTC","EUR","BTCEUR","BTC-EUR",0.1,100.0,4,5
"Trever","BTC","EUR","BTCEUR","BTC/EUR",0.005,100.0,4,5
"Binance","BUSD","BRL","BUSDBRL","busdbrl",0.1,9222449.0,1,3
"Talos_All","BUSD","BRL","BUSDBRL","BUSD-BRL",0.1,9222449.0,1,3
"Talos_Binance","BUSD","BRL","BUSDBRL","BUSD-BRL",0.1,9222449.0,1,3
"Talos_Exchanges","BUSD","BRL","BUSDBRL","BUSD-BRL",0.1,9222449.0,1,3
"Binance","C98","BRL","C98BRL","c98brl",0.1,9222449.0,1,2
"Talos_All","C98","BRL","C98BRL","C98-BRL",0.1,9222449.0,1,2
"Talos_Binance","C98","BRL","C98BRL","C98-BRL",0.1,9222449.0,1,2
"Talos_Exchanges","C98","BRL","C98BRL","C98-BRL",0.1,9222449.0,1,2
"Bitstamp","CEL","EUR","CELEUR","CEL/EUR",131.98918297,999999999.0,8,5
"Talos_All","CEL","EUR","CELEUR","CEL-EUR",131.98918297,999999999.0,8,5
"Talos_Exchanges","CEL","EUR","CELEUR","CEL-EUR",131.98918297,999999999.0,8,5
"BitVavo","CELO","EUR","CELOEUR","CELO-EUR",1.0,999999999.0,2,5
"Coinbase","CELO","EUR","CELOEUR","CGLD-EUR",0.16,82000.0,2,2
"Talos_All","CELO","EUR","CELOEUR","CELO-EUR",0.16,82000.0,2,2
"Talos_Exchanges","CELO","EUR","CELOEUR","CELO-EUR",0.16,82000.0,2,2
"Trever","CELO","EUR","CELOEUR","CELO/EUR",0.1,900000.0,1,3
"Binance","CHZ","BRL","CHZBRL","chzbrl",1.0,9222449.0,0,3
"Talos_All","CHZ","BRL","CHZBRL","CHZ-BRL",1.0,9222449.0,0,3
"Talos_Binance","CHZ","BRL","CHZBRL","CHZ-BRL",1.0,9222449.0,0,3
"Talos_Exchanges","CHZ","BRL","CHZBRL","CHZ-BRL",1.0,9222449.0,0,3
"Binance","CHZ","EUR","CHZEUR","chzeur",1.0,900000.0,0,4
"Bitstamp","CHZ","EUR","CHZEUR","CHZ/EUR",886.99648737,999999999.0,8,5
"BitVavo","CHZ","EUR","CHZEUR","CHZ-EUR",7.0,999999999.0,2,5
"Coinbase","CHZ","EUR","CHZEUR","CHZ-EUR",2.0,770000.0,1,4
"Kraken","CHZ","EUR","CHZEUR","CHZ/EUR",10.0,999999999.0,8,4
"Talos_All","CHZ","EUR","CHZEUR","CHZ-EUR",886.99648737,770000.0,0,4
"Talos_Binance","CHZ","EUR","CHZEUR","CHZ-EUR",1.0,900000.0,0,4
"Talos_Exchanges","CHZ","EUR","CHZEUR","CHZ-EUR",886.99648737,770000.0,0,4
"Talos_Kraken","CHZ","EUR","CHZEUR","CHZ-EUR",10.0,999999999.0,8,4
"Trever","CHZ","EUR","CHZEUR","CHZ/EUR",1.0,9000000.0,0,4
"BitVavo","CLV","EUR","CLVEUR","CLV-EUR",3.0,999999999.0,2,5
"Coinbase","CLV","EUR","CLVEUR","CLV-EUR",0.76,330000.0,2,2
"Talos_All","CLV","EUR","CLVEUR","CLV-EUR",0.76,330000.0,2,2
"Talos_Exchanges","CLV","EUR","CLVEUR","CLV-EUR",0.76,330000.0,2,2
"Trever","CLV","EUR","CLVEUR","CLV/EUR",0.1,92141578.0,1,3
"Bitstamp","COMP","EUR","COMPEUR","COMP/EUR",1.93382768,999999999.0,8,2
"BitVavo","COMP","EUR","COMPEUR","COMP-EUR",0.009,999999999.0,2,5
"Kraken","COMP","EUR","COMPEUR","COMP/EUR",0.1,999999999.0,8,2
"Talos_All","COMP","EUR","COMPEUR","COMP-EUR",1.93382768,999999999.0,8,2
"Talos_Exchanges","COMP","EUR","COMPEUR","COMP-EUR",1.93382768,999999999.0,8,2
"Talos_Kraken","COMP","EUR","COMPEUR","COMP-EUR",0.1,999999999.0,8,2
"Kraken","CQT","EUR","CQTEUR","CQT/EUR",25.0,999999999.0,8,4
"Talos_All","CQT","EUR","CQTEUR","CQT-EUR",25.0,999999999.0,8,4
"Talos_Exchanges","CQT","EUR","CQTEUR","CQT-EUR",25.0,999999999.0,8,4
"Talos_Kraken","CQT","EUR","CQTEUR","CQT-EUR",25.0,999999999.0,8,4
"BitVavo","CRO","EUR","CROEUR","CRO-EUR",8.0,999999999.0,2,5
"Bitstamp","CRV","EUR","CRVEUR","CRV/EUR",90.96744116,999999999.0,8,5
"BitVavo","CRV","EUR","CRVEUR","CRV-EUR",2.0,999999999.0,2,5
"Coinbase","CRV","EUR","CRVEUR","CRV-EUR",0.23,120000.0,2,2
"Kraken","CRV","EUR","CRVEUR","CRV/EUR",1.0,999999999.0,8,3
"Talos_All","CRV","EUR","CRVEUR","CRV-EUR",90.96744116,120000.0,2,2
"Talos_Exchanges","CRV","EUR","CRVEUR","CRV-EUR",90.96744116,120000.0,2,2
"Talos_Kraken","CRV","EUR","CRVEUR","CRV-EUR",1.0,999999999.0,8,3
"Trever","CRV","EUR","CRVEUR","CRV/EUR",0.1,922327.0,1,3
"Bitstamp","CTSI","EUR","CTSIEUR","CTSI/EUR",551.4,999999999.0,1,4
"BitVavo","CTSI","EUR","CTSIEUR","CTSI-EUR",10.0,999999999.0,2,5
"Kraken","CTSI","EUR","CTSIEUR","CTSI/EUR",10.0,999999999.0,8,4
"Talos_All","CTSI","EUR","CTSIEUR","CTSI-EUR",551.4,999999999.0,1,4
"Talos_Exchanges","CTSI","EUR","CTSIEUR","CTSI-EUR",551.4,999999999.0,1,4
"Talos_Kraken","CTSI","EUR","CTSIEUR","CTSI-EUR",10.0,999999999.0,8,4
"Bitstamp","CVX","EUR","CVXEUR","CVX/EUR",12.683,999999999.0,3,2
"BitVavo","CVX","EUR","CVXEUR","CVX-EUR",0.2,999999999.0,2,5
"Kraken","CVX","EUR","CVXEUR","CVX/EUR",0.2,999999999.0,8,2
"Talos_All","CVX","EUR","CVXEUR","CVX-EUR",12.683,999999999.0,3,2
"Talos_Exchanges","CVX","EUR","CVXEUR","CVX-EUR",12.683,999999999.0,3,2
"Talos_Kraken","CVX","EUR","CVXEUR","CVX-EUR",0.2,999999999.0,8,2
"Binance","DOGE","BRL","DOGEBRL","dogebrl",1.0,92141578.0,0,4
"Talos_All","DOGE","BRL","DOGEBRL","DOGE-BRL",1.0,92141578.0,0,4
"Talos_Binance","DOGE","BRL","DOGEBRL","DOGE-BRL",1.0,92141578.0,0,4
"Talos_Exchanges","DOGE","BRL","DOGEBRL","DOGE-BRL",1.0,92141578.0,0,4
"B2C2","DOGE","CAD","DOGECAD","DOGCAD.SPOT",1.0,1800000.0,4,5
"Talos_All","DOGE","CAD","DOGECAD","DOGE-CAD",1.0,1800000.0,4,5
"Talos_OTC","DOGE","CAD","DOGECAD","DOGE-CAD",1.0,1800000.0,4,5
"B2C2","DOGE","EUR","DOGEEUR","DOGEUR.SPOT",1.0,1800000.0,4,5
"Binance","DOGE","EUR","DOGEEUR","dogeeur",1.0,9000000.0,0,5
"Coinbase","DOGE","EUR","DOGEEUR","DOGE-EUR",3.7,7300000.0,1,4
"Kraken","DOGE","EUR","DOGEEUR","XDG/EUR",20.0,999999999.0,8,7
"Talos_All","DOGE","EUR","DOGEEUR","DOGE-EUR",20.0,1800000.0,0,4
"Talos_Binance","DOGE","EUR","DOGEEUR","DOGE-EUR",1.0,9000000.0,0,5
"Talos_Exchanges","DOGE","EUR","DOGEEUR","DOGE-EUR",20.0,7300000.0,0,4
"Talos_Kraken","DOGE","EUR","DOGEEUR","DOGE-EUR",20.0,999999999.0,8,7
"Talos_OTC","DOGE","EUR","DOGEEUR","DOGE-EUR",1.0,1800000.0,4,5
"Binance","DOT","BRL","DOTBRL","dotbrl",0.01,922327.0,2,2
"Talos_All","DOT","BRL","DOTBRL","DOT-BRL",0.01,922327.0,2,2
"Talos_Binance","DOT","BRL","DOTBRL","DOT-BRL",0.01,922327.0,2,2
"Talos_Exchanges","DOT","BRL","DOTBRL","DOT-BRL",0.01,922327.0,2,2
"B2C2","DOT","CAD","DOTCAD","DOTCAD.SPOT",0.5,100000.0,4,5
"Talos_All","DOT","CAD","DOTCAD","DOT-CAD",0.5,100000.0,4,5
"Talos_OTC","DOT","CAD","DOTCAD","DOT-CAD",0.5,100000.0,4,5
"B2C2","DOT","EUR","DOTEUR","DOTEUR.SPOT",0.5,100000.0,4,5
"Binance","DOT","EUR","DOTEUR","doteur",0.01,90000.0,2,2
"BitVavo","DOT","EUR","DOTEUR","DOT-EUR",0.3,999999999.0,2,5
"Coinbase","DOT","EUR","DOTEUR","DOT-EUR",0.02,35000.0,3,2
"Kraken","DOT","EUR","DOTEUR","DOT/EUR",0.2,999999999.0,8,4
"Talos_All","DOT","EUR","DOTEUR","DOT-EUR",0.5,35000.0,2,2
"Talos_Binance","DOT","EUR","DOTEUR","DOT-EUR",0.01,90000.0,2,2
"Talos_Exchanges","DOT","EUR","DOTEUR","DOT-EUR",0.2,35000.0,2,2
"Talos_Kraken","DOT","EUR","DOTEUR","DOT-EUR",0.2,999999999.0,8,4
"Talos_OTC","DOT","EUR","DOTEUR","DOT-EUR",0.5,100000.0,4,5
"Bitstamp","DYDX","EUR","DYDXEUR","DYDX/EUR",63.09496926,999999999.0,8,3
"Kraken","DYDX","EUR","DYDXEUR","DYDX/EUR",2.5,999999999.0,8,3
"Talos_All","DYDX","EUR","DYDXEUR","DYDX-EUR",63.09496926,999999999.0,8,3
"Talos_Exchanges","DYDX","EUR","DYDXEUR","DYDX-EUR",63.09496926,999999999.0,8,3
"Talos_Kraken","DYDX","EUR","DYDXEUR","DYDX-EUR",2.5,999999999.0,8,3
"Trever","DYDX","EUR","DYDXEUR","DYDX/EUR",0.01,9222449.0,2,3
"Binance","EGLD","EUR","EGLDEUR","egldeur",0.01,90000.0,2,2
"BitVavo","EGLD","EUR","EGLDEUR","EGLD-EUR",0.02,999999999.0,2,5
"Talos_All","EGLD","EUR","EGLDEUR","EGLD-EUR",0.01,90000.0,2,2
"Talos_Binance","EGLD","EUR","EGLDEUR","EGLD-EUR",0.01,90000.0,2,2
"Talos_Exchanges","EGLD","EUR","EGLDEUR","EGLD-EUR",0.01,90000.0,2,2
"Trever","EGLD","EUR","EGLDEUR","EGLD/EUR",0.01,900000.0,2,2
"Binance","ENJ","BRL","ENJBRL","enjbrl",0.1,9222449.0,1,3
"Talos_All","ENJ","BRL","ENJBRL","ENJ-BRL",0.1,9222449.0,1,3
"Talos_Binance","ENJ","BRL","ENJBRL","ENJ-BRL",0.1,9222449.0,1,3
"Talos_Exchanges","ENJ","BRL","ENJBRL","ENJ-BRL",0.1,9222449.0,1,3
"Binance","ENJ","EUR","ENJEUR","enjeur",0.1,9222449.0,1,3
"Bitstamp","ENJ","EUR","ENJEUR","ENJ/EUR",176.87686189,999999999.0,8,5
"BitVavo","ENJ","EUR","ENJEUR","ENJ-EUR",1.0,999999999.0,2,5
"Kraken","ENJ","EUR","ENJEUR","ENJ/EUR",2.0,999999999.0,8,3
"Talos_All","ENJ","EUR","ENJEUR","ENJ-EUR",176.87686189,9222449.0,1,3
"Talos_Binance","ENJ","EUR","ENJEUR","ENJ-EUR",0.1,9222449.0,1,3
"Talos_Exchanges","ENJ","EUR","ENJEUR","ENJ-EUR",176.87686189,9222449.0,1,3
"Talos_Kraken","ENJ","EUR","ENJEUR","ENJ-EUR",2.0,999999999.0,8,3
"Trever","ENJ","EUR","ENJEUR","ENJ/EUR",0.1,900000.0,1,3
"B2C2","EOS","CAD","EOSCAD","EOSCAD.SPOT",1.0,20000.0,4,5
"Talos_All","EOS","CAD","EOSCAD","EOS-CAD",1.0,20000.0,4,5
"Talos_OTC","EOS","CAD","EOSCAD","EOS-CAD",1.0,20000.0,4,5
"B2C2","EOS","EUR","EOSEUR","EOSEUR.SPOT",1.0,20000.0,4,5
"Binance","EOS","EUR","EOSEUR","eoseur",0.1,90000.0,1,3
"Bitfinex","EOS","EUR","EOSEUR","tEOSEUR",2.0,50000.0,8,5
"Coinbase","EOS","EUR","EOSEUR","EOS-EUR",0.2,290000.0,1,3
"FlowTraders","EOS","EUR","EOSEUR","EOS/EUR",250.0,75000.0,5,5
"Kraken","EOS","EUR","EOSEUR","EOS/EUR",1.0,999999999.0,8,4
"Talos_All","EOS","EUR","EOSEUR","EOS-EUR",250.0,20000.0,1,3
"Talos_Binance","EOS","EUR","EOSEUR","EOS-EUR",0.1,90000.0,1,3
"Talos_Exchanges","EOS","EUR","EOSEUR","EOS-EUR",2.0,50000.0,1,3
"Talos_Kraken","EOS","EUR","EOSEUR","EOS-EUR",1.0,999999999.0,8,4
"Talos_OTC","EOS","EUR","EOSEUR","EOS-EUR",250.0,20000.0,4,5
"Binance","ETC","EUR","ETCEUR","etceur",0.01,9222449.0,2,2
"BitVavo","ETC","EUR","ETCEUR","ETC-EUR",0.1,999999999.0,2,5
"Coinbase","ETC","EUR","ETCEUR","ETC-EUR",0.017,15000.0,8,2
"Kraken","ETC","EUR","ETCEUR","ETC/EUR",0.1,999999999.0,8,3
"Talos_All","ETC","EUR","ETCEUR","ETC-EUR",0.1,15000.0,2,2
"Talos_Binance","ETC","EUR","ETCEUR","ETC-EUR",0.01,9222449.0,2,2
"Talos_Exchanges","ETC","EUR","ETCEUR","ETC-EUR",0.1,15000.0,2,2
"Talos_Kraken","ETC","EUR","ETCEUR","ETC-EUR",0.1,999999999.0,8,3
"Trever","ETC","EUR","ETCEUR","ETC/EUR",0.01,90000.0,2,2
"Binance","ETH","BRL","ETHBRL","ethbrl",0.0001,45000.0,4,2
"Talos_All","ETH","BRL","ETHBRL","ETH-BRL",0.0001,45000.0,4,2
"Talos_Binance","ETH","BRL","ETHBRL","ETH-BRL",0.0001,45000.0,4,2
"Talos_Exchanges","ETH","BRL","ETHBRL","ETH-BRL",0.0001,45000.0,4,2
"B2C2","ETH","CAD","ETHCAD","ETHCAD.SPOT",0.005,1000.0,4,5
"Kraken","ETH","CAD","ETHCAD","ETH/CAD",0.001,999999999.0,8,2
"Talos_All","ETH","CAD","ETHCAD","ETH-CAD",0.005,1000.0,4,2
"Talos_Exchanges","ETH","CAD","ETHCAD","ETH-CAD",0.001,999999999.0,8,2
"Talos_Kraken","ETH","CAD","ETHCAD","ETH-CAD",0.001,999999999.0,8,2
"Talos_OTC","ETH","CAD","ETHCAD","ETH-CAD",0.005,1000.0,4,5
"B2C2","ETH","EUR","ETHEUR","ETHEUR.SPOT",0.005,1000.0,4,5
"Binance","ETH","EUR","ETHEUR","etheur",0.0001,90000.0,4,2
"Bitfinex","ETH","EUR","ETHEUR","tETHEUR",0.002,5000.0,8,5
"Bitstamp","ETH","EUR","ETHEUR","ETH/EUR",0.06110876,999999999.0,8,2
"Coinbase","ETH","EUR","ETHEUR","ETH-EUR",0.00021,2000.0,8,2
"FlowTraders","ETH","EUR","ETHEUR","ETH/EUR",1.0,2700.0,5,5
"Kraken","ETH","EUR","ETHEUR","ETH/EUR",0.001,999999999.0,8,2
"Talos_All","ETH","EUR","ETHEUR","ETH-EUR",1.0,1000.0,4,2
"Talos_Binance","ETH","EUR","ETHEUR","ETH-EUR",0.0001,90000.0,4,2
"Talos_Exchanges","ETH","EUR","ETHEUR","ETH-EUR",0.06110876,2000.0,4,2
"Talos_Kraken","ETH","EUR","ETHEUR","ETH-EUR",0.001,999999999.0,8,2
"Talos_OTC","ETH","EUR","ETHEUR","ETH-EUR",1.0,1000.0,4,5
"Trever","ETH","EUR","ETHEUR","ETH/EUR",0.1,5.0,2,2
"Bitstamp","EURT","EUR","EURTEUR","EURT/EUR",99.78818,999999999.0,5,5
"Talos_All","EURT","EUR","EURTEUR","EURT-EUR",99.78818,999999999.0,5,5
"Talos_Exchanges","EURT","EUR","EURTEUR","EURT-EUR",99.78818,999999999.0,5,5
"Bitstamp","FET","EUR","FETEUR","FET/EUR",703.77554833,999999999.0,8,5
"BitVavo","FET","EUR","FETEUR","FET-EUR",5.0,999999999.0,2,5
"Talos_All","FET","EUR","FETEUR","FET-EUR",703.77554833,999999999.0,8,5
"Talos_Exchanges","FET","EUR","FETEUR","FET-EUR",703.77554833,999999999.0,8,5
"Trever","FET","EUR","FETEUR","FET/EUR",1.0,9000000.0,0,4
"ETFPotPrices","FGP","EUR","FGPEUR","ETF_FEELGOOD",1.0,9999999999.0,6,6
"BitVavo","FIL","EUR","FILEUR","FIL-EUR",0.08,999999999.0,2,5
"Coinbase","FIL","EUR","FILEUR","FIL-EUR",0.015,16000.0,3,2
"Kraken","FIL","EUR","FILEUR","FIL/EUR",0.5,999999999.0,8,3
"Talos_All","FIL","EUR","FILEUR","FIL-EUR",0.5,16000.0,3,2
"Talos_Exchanges","FIL","EUR","FILEUR","FIL-EUR",0.5,16000.0,3,2
"Talos_Kraken","FIL","EUR","FILEUR","FIL-EUR",0.5,999999999.0,8,3
"Trever","FIL","EUR","FILEUR","FIL/EUR",0.01,9222449.0,2,2
"Binance","FIS","BRL","FISBRL","fisbrl",0.1,9222449.0,1,2
"Talos_All","FIS","BRL","FISBRL","FIS-BRL",0.1,9222449.0,1,2
"Talos_Binance","FIS","BRL","FISBRL","FIS-BRL",0.1,9222449.0,1,2
"Talos_Exchanges","FIS","BRL","FISBRL","FIS-BRL",0.1,9222449.0,1,2
"BitVavo","FLOW","EUR","FLOWEUR","FLOW-EUR",0.5,999999999.0,2,5
"Kraken","FLOW","EUR","FLOWEUR","FLOW/EUR",1.5,999999999.0,8,3
"Talos_All","FLOW","EUR","FLOWEUR","FLOW-EUR",1.5,999999999.0,8,3
"Talos_Exchanges","FLOW","EUR","FLOWEUR","FLOW-EUR",1.5,999999999.0,8,3
"Talos_Kraken","FLOW","EUR","FLOWEUR","FLOW-EUR",1.5,999999999.0,8,3
"Trever","FLOW","EUR","FLOWEUR","FLOW/EUR",0.01,922327.0,2,2
"Binance","FTM","BRL","FTMBRL","ftmbrl",0.1,9222449.0,1,2
"Talos_All","FTM","BRL","FTMBRL","FTM-BRL",0.1,9222449.0,1,2
"Talos_Binance","FTM","BRL","FTMBRL","FTM-BRL",0.1,9222449.0,1,2
"Talos_Exchanges","FTM","BRL","FTMBRL","FTM-BRL",0.1,9222449.0,1,2
"Binance","FTM","EUR","FTMEUR","ftmeur",1.0,9222449.0,0,4
"Bitstamp","FTM","EUR","FTMEUR","FTM/EUR",304.28907227,999999999.0,8,5
"BitVavo","FTM","EUR","FTMEUR","FTM-EUR",20.0,999999999.0,2,5
"Talos_All","FTM","EUR","FTMEUR","FTM-EUR",304.28907227,9222449.0,0,4
"Talos_Binance","FTM","EUR","FTMEUR","FTM-EUR",1.0,9222449.0,0,4
"Talos_Exchanges","FTM","EUR","FTMEUR","FTM-EUR",304.28907227,9222449.0,0,4
"Trever","FTM","EUR","FTMEUR","FTM/EUR",1.0,9000000.0,0,4
"Bitstamp","FTT","EUR","FTTEUR","FTT/EUR",4.1363183,999999999.0,8,5
"BitVavo","FTT","EUR","FTTEUR","FTT-EUR",0.1,999999999.0,2,5
"Talos_All","FTT","EUR","FTTEUR","FTT-EUR",4.1363183,999999999.0,8,5
"Talos_Exchanges","FTT","EUR","FTTEUR","FTT-EUR",4.1363183,999999999.0,8,5
"Binance","GALA","BRL","GALABRL","galabrl",0.1,92141578.0,1,3
"Talos_All","GALA","BRL","GALABRL","GALA-BRL",0.1,92141578.0,1,3
"Talos_Binance","GALA","BRL","GALABRL","GALA-BRL",0.1,92141578.0,1,3
"Talos_Exchanges","GALA","BRL","GALABRL","GALA-BRL",0.1,92141578.0,1,3
"Binance","GALA","EUR","GALAEUR","galaeur",1.0,92141578.0,0,5
"Bitstamp","GALA","EUR","GALAEUR","GALA/EUR",1487.5188168,999999999.0,8,5
"BitVavo","GALA","EUR","GALAEUR","GALA-EUR",10.0,999999999.0,2,5
"Coinbase","GALA","EUR","GALAEUR","GALA-EUR",3.0,2400000.0,0,4
"Kraken","GALA","EUR","GALAEUR","GALA/EUR",25.0,999999999.0,8,4
"Talos_All","GALA","EUR","GALAEUR","GALA-EUR",1487.5188168,2400000.0,0,4
"Talos_Binance","GALA","EUR","GALAEUR","GALA-EUR",1.0,92141578.0,0,5
"Talos_Exchanges","GALA","EUR","GALAEUR","GALA-EUR",1487.5188168,2400000.0,0,4
"Talos_Kraken","GALA","EUR","GALAEUR","GALA-EUR",25.0,999999999.0,8,4
"Trever","GALA","EUR","GALAEUR","GALA/EUR",1.0,92141578.0,0,5
"BitVavo","GHST","EUR","GHSTEUR","GHST-EUR",3.0,999999999.0,2,5
"Kraken","GHST","EUR","GHSTEUR","GHST/EUR",2.0,999999999.0,8,4
"Talos_All","GHST","EUR","GHSTEUR","GHST-EUR",2.0,999999999.0,8,4
"Talos_Exchanges","GHST","EUR","GHSTEUR","GHST-EUR",2.0,999999999.0,8,4
"Talos_Kraken","GHST","EUR","GHSTEUR","GHST-EUR",2.0,999999999.0,8,4
"B2C2","GLMR","CAD","GLMRCAD","GLMCAD.SPOT",0.1,100000.0,4,5
"Talos_All","GLMR","CAD","GLMRCAD","GLMR-CAD",0.1,100000.0,4,5
"Talos_OTC","GLMR","CAD","GLMRCAD","GLMR-CAD",0.1,100000.0,4,5
"B2C2","GLMR","EUR","GLMREUR","GLMEUR.SPOT",0.1,100000.0,4,5
"Kraken","GLMR","EUR","GLMREUR","GLMR/EUR",1.0,999999999.0,8,3
"Talos_All","GLMR","EUR","GLMREUR","GLMR-EUR",1.0,100000.0,4,3
"Talos_Exchanges","GLMR","EUR","GLMREUR","GLMR-EUR",1.0,999999999.0,8,3
"Talos_Kraken","GLMR","EUR","GLMREUR","GLMR-EUR",1.0,999999999.0,8,3
"Talos_OTC","GLMR","EUR","GLMREUR","GLMR-EUR",0.1,100000.0,4,5
"Binance","GMT","BRL","GMTBRL","gmtbrl",0.1,92141578.0,1,3
"Talos_All","GMT","BRL","GMTBRL","GMT-BRL",0.1,92141578.0,1,3
"Talos_Binance","GMT","BRL","GMTBRL","GMT-BRL",0.1,92141578.0,1,3
"Talos_Exchanges","GMT","BRL","GMTBRL","GMT-BRL",0.1,92141578.0,1,3
"Binance","GMT","EUR","GMTEUR","gmteur",0.1,92141578.0,1,5
"Kraken","GMT","EUR","GMTEUR","GMT/EUR",2.5,999999999.0,8,3
"Talos_All","GMT","EUR","GMTEUR","GMT-EUR",2.5,92141578.0,1,3
"Talos_Binance","GMT","EUR","GMTEUR","GMT-EUR",0.1,92141578.0,1,5
"Talos_Exchanges","GMT","EUR","GMTEUR","GMT-EUR",2.5,92141578.0,1,3
"Talos_Kraken","GMT","EUR","GMTEUR","GMT-EUR",2.5,999999999.0,8,3
"BitVavo","GNO","EUR","GNOEUR","GNO-EUR",0.02,999999999.0,2,5
"Kraken","GNO","EUR","GNOEUR","GNO/EUR",0.01,999999999.0,8,2
"Talos_All","GNO","EUR","GNOEUR","GNO-EUR",0.01,999999999.0,8,2
"Talos_Exchanges","GNO","EUR","GNOEUR","GNO-EUR",0.01,999999999.0,8,2
"Talos_Kraken","GNO","EUR","GNOEUR","GNO-EUR",0.01,999999999.0,8,2
"Trever","GNO","EUR","GNOEUR","GNO/EUR",0.001,922327.0,3,1
"Binance","GRT","EUR","GRTEUR","grteur",1.0,900000.0,0,4
"Bitstamp","GRT","EUR","GRTEUR","GRT/EUR",742.113763,999999999.0,8,5
"BitVavo","GRT","EUR","GRTEUR","GRT-EUR",7.0,999999999.0,2,5
"Coinbase","GRT","EUR","GRTEUR","GRT-EUR",0.94,810000.0,2,4
"Kraken","GRT","EUR","GRTEUR","GRT/EUR",25.0,999999999.0,8,5
"Talos_All","GRT","EUR","GRTEUR","GRT-EUR",742.113763,810000.0,0,4
"Talos_Binance","GRT","EUR","GRTEUR","GRT-EUR",1.0,900000.0,0,4
"Talos_Exchanges","GRT","EUR","GRTEUR","GRT-EUR",742.113763,810000.0,0,4
"Talos_Kraken","GRT","EUR","GRTEUR","GRT-EUR",25.0,999999999.0,8,5
"Trever","GRT","EUR","GRTEUR","GRT/EUR",1.0,900000.0,0,4
"Bitstamp","HBAR","EUR","HBAREUR","HBAR/EUR",1208.0101998,999999999.0,8,5
"BitVavo","HBAR","EUR","HBAREUR","HBAR-EUR",20.0,999999999.0,2,5
"Talos_All","HBAR","EUR","HBAREUR","HBAR-EUR",1208.0101998,999999999.0,8,5
"Talos_Exchanges","HBAR","EUR","HBAREUR","HBAR-EUR",1208.0101998,999999999.0,8,5
"Trever","HBAR","EUR","HBAREUR","HBAR/EUR",1.0,9000000.0,0,4
"Binance","HOT","EUR","HOTEUR","hoteur",0.1,92141578.0,1,6
"BitVavo","HOT","EUR","HOTEUR","HOT-EUR",200.0,999999999.0,2,4
"Talos_All","HOT","EUR","HOTEUR","HOT-EUR",0.1,92141578.0,1,6
"Talos_Binance","HOT","EUR","HOTEUR","HOT-EUR",0.1,92141578.0,1,6
"Talos_Exchanges","HOT","EUR","HOTEUR","HOT-EUR",0.1,92141578.0,1,6
"Trever","HOT","EUR","HOTEUR","HOT/EUR",1.0,92141578.0,0,6
"Binance","ICP","EUR","ICPEUR","icpeur",0.01,9222449.0,2,2
"BitVavo","ICP","EUR","ICPEUR","ICP-EUR",0.2,999999999.0,2,5
"Kraken","ICP","EUR","ICPEUR","ICP/EUR",0.25,999999999.0,8,3
"Talos_All","ICP","EUR","ICPEUR","ICP-EUR",0.25,9222449.0,2,2
"Talos_Binance","ICP","EUR","ICPEUR","ICP-EUR",0.01,9222449.0,2,2
"Talos_Exchanges","ICP","EUR","ICPEUR","ICP-EUR",0.25,9222449.0,2,2
"Talos_Kraken","ICP","EUR","ICPEUR","ICP-EUR",0.25,999999999.0,8,3
"BitVavo","ICX","EUR","ICXEUR","ICX-EUR",2.0,999999999.0,2,5
"Kraken","ICX","EUR","ICXEUR","ICX/EUR",3.0,999999999.0,8,4
"Talos_All","ICX","EUR","ICXEUR","ICX-EUR",3.0,999999999.0,8,4
"Talos_Exchanges","ICX","EUR","ICXEUR","ICX-EUR",3.0,999999999.0,8,4
"Talos_Kraken","ICX","EUR","ICXEUR","ICX-EUR",3.0,999999999.0,8,4
"Bitstamp","IMX","EUR","IMXEUR","IMX/EUR",111.32,999999999.0,2,2
"Kraken","IMX","EUR","IMXEUR","IMX/EUR",2.0,999999999.0,8,3
"Talos_All","IMX","EUR","IMXEUR","IMX-EUR",111.32,999999999.0,2,2
"Talos_Exchanges","IMX","EUR","IMXEUR","IMX-EUR",111.32,999999999.0,2,2
"Talos_Kraken","IMX","EUR","IMXEUR","IMX-EUR",2.0,999999999.0,8,3
"Trever","IMX","EUR","IMXEUR","IMX/EUR",0.01,92141578.0,2,3
"BitVavo","INJ","EUR","INJEUR","INJ-EUR",0.6,999999999.0,2,5
"Kraken","INJ","EUR","INJEUR","INJ/EUR",0.5,999999999.0,8,3
"Talos_All","INJ","EUR","INJEUR","INJ-EUR",0.5,999999999.0,8,3
"Talos_Exchanges","INJ","EUR","INJEUR","INJ-EUR",0.5,999999999.0,8,3
"Talos_Kraken","INJ","EUR","INJEUR","INJ-EUR",0.5,999999999.0,8,3
"Coinbase","IOTX","EUR","IOTXEUR","IOTX-EUR",4.0,210000.0,0,5
"Talos_All","IOTX","EUR","IOTXEUR","IOTX-EUR",4.0,210000.0,0,5
"Talos_Exchanges","IOTX","EUR","IOTXEUR","IOTX-EUR",4.0,210000.0,0,5
"Trever","IOTX","EUR","IOTXEUR","IOTX/EUR",1.0,92141578.0,0,5
"BitVavo","KEEP","EUR","KEEPEUR","KEEP-EUR",10.0,999999999.0,2,5
"Kraken","KEEP","EUR","KEEPEUR","KEEP/EUR",10.0,999999999.0,8,5
"Talos_All","KEEP","EUR","KEEPEUR","KEEP-EUR",10.0,999999999.0,8,5
"Talos_Exchanges","KEEP","EUR","KEEPEUR","KEEP-EUR",10.0,999999999.0,8,5
"Talos_Kraken","KEEP","EUR","KEEPEUR","KEEP-EUR",10.0,999999999.0,8,5
"Kraken","KIN","EUR","KINEUR","KIN/EUR",250000.0,999999999.0,5,8
"Talos_All","KIN","EUR","KINEUR","KIN-EUR",250000.0,999999999.0,5,8
"Talos_Exchanges","KIN","EUR","KINEUR","KIN-EUR",250000.0,999999999.0,5,8
"Talos_Kraken","KIN","EUR","KINEUR","KIN-EUR",250000.0,999999999.0,5,8
"Bitstamp","KNC","EUR","KNCEUR","KNC/EUR",57.16391309,999999999.0,8,5
"BitVavo","KNC","EUR","KNCEUR","KNC-EUR",1.0,999999999.0,2,5
"Kraken","KNC","EUR","KNCEUR","KNC/EUR",2.0,999999999.0,8,4
"Talos_All","KNC","EUR","KNCEUR","KNC-EUR",57.16391309,999999999.0,8,4
"Talos_Exchanges","KNC","EUR","KNCEUR","KNC-EUR",57.16391309,999999999.0,8,4
"Talos_Kraken","KNC","EUR","KNCEUR","KNC-EUR",2.0,999999999.0,8,4
"Trever","KNC","EUR","KNCEUR","KNC/EUR",0.1,9222449.0,1,3
"B2C2","KSM","CAD","KSMCAD","KSMCAD.SPOT",0.1,1600.0,4,5
"Talos_All","KSM","CAD","KSMCAD","KSM-CAD",0.1,1600.0,4,5
"Talos_OTC","KSM","CAD","KSMCAD","KSM-CAD",0.1,1600.0,4,5
"B2C2","KSM","EUR","KSMEUR","KSMEUR.SPOT",0.1,1600.0,4,5
"BitVavo","KSM","EUR","KSMEUR","KSM-EUR",0.02,999999999.0,2,5
"Kraken","KSM","EUR","KSMEUR","KSM/EUR",0.02,999999999.0,8,2
"Talos_All","KSM","EUR","KSMEUR","KSM-EUR",0.1,1600.0,4,2
"Talos_Exchanges","KSM","EUR","KSMEUR","KSM-EUR",0.02,999999999.0,8,2
"Talos_Kraken","KSM","EUR","KSMEUR","KSM-EUR",0.02,999999999.0,8,2
"Talos_OTC","KSM","EUR","KSMEUR","KSM-EUR",0.1,1600.0,4,5
"Binance","LINK","BRL","LINKBRL","linkbrl",0.01,45000.0,2,1
"Talos_All","LINK","BRL","LINKBRL","LINK-BRL",0.01,45000.0,2,1
"Talos_Binance","LINK","BRL","LINKBRL","LINK-BRL",0.01,45000.0,2,1
"Talos_Exchanges","LINK","BRL","LINKBRL","LINK-BRL",0.01,45000.0,2,1
"B2C2","LINK","CAD","LINKCAD","LNKCAD.SPOT",0.1,60000.0,4,5
"Talos_All","LINK","CAD","LINKCAD","LINK-CAD",0.1,60000.0,4,5
"Talos_OTC","LINK","CAD","LINKCAD","LINK-CAD",0.1,60000.0,4,5
"B2C2","LINK","EUR","LINKEUR","LNKEUR.SPOT",0.1,60000.0,4,5
"Binance","LINK","EUR","LINKEUR","linkeur",0.01,90000.0,2,2
"Bitstamp","LINK","EUR","LINKEUR","LINK/EUR",15.74154414,999999999.0,8,2
"Coinbase","LINK","EUR","LINKEUR","LINK-EUR",0.03,76000.0,2,2
"Kraken","LINK","EUR","LINKEUR","LINK/EUR",0.2,999999999.0,8,5
"Talos_All","LINK","EUR","LINKEUR","LINK-EUR",15.74154414,60000.0,2,2
"Talos_Binance","LINK","EUR","LINKEUR","LINK-EUR",0.01,90000.0,2,2
"Talos_Exchanges","LINK","EUR","LINKEUR","LINK-EUR",15.74154414,76000.0,2,2
"Talos_Kraken","LINK","EUR","LINKEUR","LINK-EUR",0.2,999999999.0,8,5
"Talos_OTC","LINK","EUR","LINKEUR","LINK-EUR",0.1,60000.0,4,5
"BitVavo","LPT","EUR","LPTEUR","LPT-EUR",0.3,999999999.0,2,5
"Kraken","LPT","EUR","LPTEUR","LPT/EUR",0.2,999999999.0,8,2
"Talos_All","LPT","EUR","LPTEUR","LPT-EUR",0.2,999999999.0,8,2
"Talos_Exchanges","LPT","EUR","LPTEUR","LPT-EUR",0.2,999999999.0,8,2
"Talos_Kraken","LPT","EUR","LPTEUR","LPT-EUR",0.2,999999999.0,8,2
"Trever","LPT","EUR","LPTEUR","LPT/EUR",0.01,9222440.0,2,2
"BitVavo","LRC","EUR","LRCEUR","LRC-EUR",9.0,999999999.0,2,5
"Kraken","LRC","EUR","LRCEUR","LRC/EUR",15.0,999999999.0,8,4
"Talos_All","LRC","EUR","LRCEUR","LRC-EUR",15.0,999999999.0,8,4
"Talos_Exchanges","LRC","EUR","LRCEUR","LRC-EUR",15.0,999999999.0,8,4
"Talos_Kraken","LRC","EUR","LRCEUR","LRC-EUR",15.0,999999999.0,8,4
"Trever","LRC","EUR","LRCEUR","LRC/EUR",1.0,9000000.0,0,4
"BitVavo","LSK","EUR","LSKEUR","LSK-EUR",0.8,999999999.0,2,5
"Kraken","LSK","EUR","LSKEUR","LSK/EUR",1.0,999999999.0,8,6
"Talos_All","LSK","EUR","LSKEUR","LSK-EUR",1.0,999999999.0,8,6
"Talos_Exchanges","LSK","EUR","LSKEUR","LSK-EUR",1.0,999999999.0,8,6
"Talos_Kraken","LSK","EUR","LSKEUR","LSK-EUR",1.0,999999999.0,8,6
"Binance","LTC","BRL","LTCBRL","ltcbrl",0.001,45000.0,3,1
"Talos_All","LTC","BRL","LTCBRL","LTC-BRL",0.001,45000.0,3,1
"Talos_Binance","LTC","BRL","LTCBRL","LTC-BRL",0.001,45000.0,3,1
"Talos_Exchanges","LTC","BRL","LTCBRL","LTC-BRL",0.001,45000.0,3,1
"B2C2","LTC","CAD","LTCCAD","LTCCAD.SPOT",0.1,4000.0,4,5
"Talos_All","LTC","CAD","LTCCAD","LTC-CAD",0.1,4000.0,4,5
"Talos_OTC","LTC","CAD","LTCCAD","LTC-CAD",0.1,4000.0,4,5
"B2C2","LTC","EUR","LTCEUR","LTCEUR.SPOT",0.1,4000.0,4,5
"Binance","LTC","EUR","LTCEUR","ltceur",0.001,900000.0,3,1
"Bitstamp","LTC","EUR","LTCEUR","LTC/EUR",1.73380846,999999999.0,8,2
"Coinbase","LTC","EUR","LTCEUR","LTC-EUR",0.0042,8100.0,8,2
"FlowTraders","LTC","EUR","LTCEUR","LTC/EUR",10.0,2000.0,5,5
"Kraken","LTC","EUR","LTCEUR","LTC/EUR",0.03,999999999.0,8,2
"Talos_All","LTC","EUR","LTCEUR","LTC-EUR",10.0,2000.0,3,1
"Talos_Binance","LTC","EUR","LTCEUR","LTC-EUR",0.001,900000.0,3,1
"Talos_Exchanges","LTC","EUR","LTCEUR","LTC-EUR",1.73380846,8100.0,3,1
"Talos_Kraken","LTC","EUR","LTCEUR","LTC-EUR",0.03,999999999.0,8,2
"Talos_OTC","LTC","EUR","LTCEUR","LTC-EUR",10.0,2000.0,4,5
"Binance","LUNC","BRL","LUNCBRL","lunabrl",0.001,9221525.0,3,4
"Talos_All","LUNC","BRL","LUNCBRL","LUNC-BRL",0.001,9221525.0,3,4
"Talos_Binance","LUNC","BRL","LUNCBRL","LUNC-BRL",0.001,9221525.0,3,4
"Talos_Exchanges","LUNC","BRL","LUNCBRL","LUNC-BRL",0.001,9221525.0,3,4
"Binance","LUNC","EUR","LUNCEUR","lunaeur",0.01,9000000.0,2,5
"BitVavo","LUNC","EUR","LUNCEUR","LUNA-EUR",0.03,999999999.0,2,5
"Kraken","LUNC","EUR","LUNCEUR","LUNA/EUR",50000.0,999999999.0,8,8
"Talos_All","LUNC","EUR","LUNCEUR","LUNC-EUR",50000.0,9000000.0,2,5
"Talos_Binance","LUNC","EUR","LUNCEUR","LUNC-EUR",0.01,9000000.0,2,5
"Talos_Exchanges","LUNC","EUR","LUNCEUR","LUNC-EUR",50000.0,9000000.0,2,5
"Talos_Kraken","LUNC","EUR","LUNCEUR","LUNC-EUR",50000.0,999999999.0,8,8
"Binance","MANA","BRL","MANABRL","manabrl",0.1,9222449.0,1,2
"Talos_All","MANA","BRL","MANABRL","MANA-BRL",0.1,9222449.0,1,2
"Talos_Binance","MANA","BRL","MANABRL","MANA-BRL",0.1,9222449.0,1,2
"Talos_Exchanges","MANA","BRL","MANABRL","MANA-BRL",0.1,9222449.0,1,2
"BitVavo","MANA","EUR","MANAEUR","MANA-EUR",4.0,999999999.0,2,5
"Coinbase","MANA","EUR","MANAEUR","MANA-EUR",0.31,340000.0,2,3
"Kraken","MANA","EUR","MANAEUR","MANA/EUR",1.5,999999999.0,8,5
"Talos_All","MANA","EUR","MANAEUR","MANA-EUR",1.5,340000.0,2,3
"Talos_Exchanges","MANA","EUR","MANAEUR","MANA-EUR",1.5,340000.0,2,3
"Talos_Kraken","MANA","EUR","MANAEUR","MANA-EUR",1.5,999999999.0,8,5
"Trever","MANA","EUR","MANAEUR","MANA/EUR",1.0,900000.0,0,4
"BitVavo","MASK","EUR","MASKEUR","MASK-EUR",1.0,999999999.0,2,5
"Kraken","MASK","EUR","MASKEUR","MASK/EUR",1.0,999999999.0,8,3
"Talos_All","MASK","EUR","MASKEUR","MASK-EUR",1.0,999999999.0,8,3
"Talos_Exchanges","MASK","EUR","MASKEUR","MASK-EUR",1.0,999999999.0,8,3
"Talos_Kraken","MASK","EUR","MASKEUR","MASK-EUR",1.0,999999999.0,8,3
"Binance","MATIC","BRL","MATICBRL","maticbrl",0.1,9222440.0,1,3
"Talos_All","MATIC","BRL","MATICBRL","MATIC-BRL",0.1,9222440.0,1,3
"Talos_Binance","MATIC","BRL","MATICBRL","MATIC-BRL",0.1,9222440.0,1,3
"Talos_Exchanges","MATIC","BRL","MATICBRL","MATIC-BRL",0.1,9222440.0,1,3
"B2C2","MATIC","CAD","MATICCAD","MATCAD.SPOT",1.0,4000000.0,4,5
"Talos_All","MATIC","CAD","MATICCAD","MATIC-CAD",1.0,4000000.0,4,5
"Talos_OTC","MATIC","CAD","MATICCAD","MATIC-CAD",1.0,4000000.0,4,5
"B2C2","MATIC","EUR","MATICEUR","MATEUR.SPOT",1.0,4000000.0,4,5
"Binance","MATIC","EUR","MATICEUR","maticeur",0.1,900000.0,1,4
"Bitstamp","MATIC","EUR","MATICEUR","MATIC/EUR",184.82471849,999999999.0,8,5
"Coinbase","MATIC","EUR","MATICEUR","MATIC-EUR",0.5,680000.0,1,4
"Kraken","MATIC","EUR","MATICEUR","MATIC/EUR",2.5,999999999.0,8,4
"Talos_All","MATIC","EUR","MATICEUR","MATIC-EUR",184.82471849,680000.0,1,4
"Talos_Binance","MATIC","EUR","MATICEUR","MATIC-EUR",0.1,900000.0,1,4
"Talos_Exchanges","MATIC","EUR","MATICEUR","MATIC-EUR",184.82471849,680000.0,1,4
"Talos_Kraken","MATIC","EUR","MATICEUR","MATIC-EUR",2.5,999999999.0,8,4
"Talos_OTC","MATIC","EUR","MATICEUR","MATIC-EUR",1.0,4000000.0,4,5
"Bitfinex","MIOTA","EUR","MIOTAEUR","tIOTEUR",6.0,100000.0,8,5
"BitVavo","MIOTA","EUR","MIOTAEUR","MIOTA-EUR",2.0,999999999.0,2,5
"Talos_All","MIOTA","EUR","MIOTAEUR","MIOTA-EUR",6.0,100000.0,8,5
"Talos_Exchanges","MIOTA","EUR","MIOTAEUR","MIOTA-EUR",6.0,100000.0,8,5
"BitVavo","MIR","EUR","MIREUR","MIR-EUR",1.0,999999999.0,2,5
"Coinbase","MIR","EUR","MIREUR","MIR-EUR",0.3,120000.0,2,3
"Kraken","MIR","EUR","MIREUR","MIR/EUR",5.0,999999999.0,8,3
"Talos_All","MIR","EUR","MIREUR","MIR-EUR",5.0,120000.0,2,3
"Talos_Exchanges","MIR","EUR","MIREUR","MIR-EUR",5.0,120000.0,2,3
"Talos_Kraken","MIR","EUR","MIREUR","MIR-EUR",5.0,999999999.0,8,3
"Trever","MIR","EUR","MIREUR","MIR/EUR",0.1,90000.0,1,5
"Bitstamp","MKR","EUR","MKREUR","MKR/EUR",0.0946008,999999999.0,8,2
"BitVavo","MKR","EUR","MKREUR","MKR-EUR",0.001,999999999.0,3,5
"Kraken","MKR","EUR","MKREUR","MKR/EUR",0.002,999999999.0,8,1
"Talos_All","MKR","EUR","MKREUR","MKR-EUR",0.0946008,999999999.0,8,1
"Talos_Exchanges","MKR","EUR","MKREUR","MKR-EUR",0.0946008,999999999.0,8,1
"Talos_Kraken","MKR","EUR","MKREUR","MKR-EUR",0.002,999999999.0,8,1
"Trever","MKR","EUR","MKREUR","MKR/EUR",0.0001,90000.0,4,0
"BitVavo","MLN","EUR","MLNEUR","MLN-EUR",0.05,999999999.0,2,5
"Kraken","MLN","EUR","MLNEUR","MLN/EUR",0.15,999999999.0,8,3
"Talos_All","MLN","EUR","MLNEUR","MLN-EUR",0.15,999999999.0,8,3
"Talos_Exchanges","MLN","EUR","MLNEUR","MLN-EUR",0.15,999999999.0,8,3
"Talos_Kraken","MLN","EUR","MLNEUR","MLN-EUR",0.15,999999999.0,8,3
"Binance","NEAR","EUR","NEAREUR","neareur",0.1,900000.0,1,3
"BitVavo","NEAR","EUR","NEAREUR","NEAR-EUR",0.3,999999999.0,2,5
"Talos_All","NEAR","EUR","NEAREUR","NEAR-EUR",0.1,900000.0,1,3
"Talos_Binance","NEAR","EUR","NEAREUR","NEAR-EUR",0.1,900000.0,1,3
"Talos_Exchanges","NEAR","EUR","NEAREUR","NEAR-EUR",0.1,900000.0,1,3
"Bitfinex","NEO","EUR","NEOEUR","tNEOEUR",0.2,10000.0,8,5
"BitVavo","NEO","EUR","NEOEUR","NEO-EUR",0.04,999999999.0,2,5
"Talos_All","NEO","EUR","NEOEUR","NEO-EUR",0.2,10000.0,8,5
"Talos_Exchanges","NEO","EUR","NEOEUR","NEO-EUR",0.2,10000.0,8,5
"BitVavo","NMR","EUR","NMREUR","NMR-EUR",0.09,999999999.0,2,5
"Coinbase","NMR","EUR","NMREUR","NMR-EUR",0.022,7100.0,3,2
"Talos_All","NMR","EUR","NMREUR","NMR-EUR",0.022,7100.0,3,2
"Talos_Exchanges","NMR","EUR","NMREUR","NMR-EUR",0.022,7100.0,3,2
"Trever","NMR","EUR","NMREUR","NMR/EUR",0.01,90000.0,2,2
"BitVavo","NU","EUR","NUEUR","NU-EUR",20.0,999999999.0,2,5
"Coinbase","NU","EUR","NUEUR","NU-EUR",1.0,320000.0,6,4
"Talos_All","NU","EUR","NUEUR","NU-EUR",1.0,320000.0,6,4
"Talos_Exchanges","NU","EUR","NUEUR","NU-EUR",1.0,320000.0,6,4
"BitVavo","OCEAN","EUR","OCEANEUR","OCEAN-EUR",4.0,999999999.0,2,5
"Kraken","OCEAN","EUR","OCEANEUR","OCEAN/EUR",5.0,999999999.0,8,4
"Talos_All","OCEAN","EUR","OCEANEUR","OCEAN-EUR",5.0,999999999.0,8,4
"Talos_Exchanges","OCEAN","EUR","OCEANEUR","OCEAN-EUR",5.0,999999999.0,8,4
"Talos_Kraken","OCEAN","EUR","OCEANEUR","OCEAN-EUR",5.0,999999999.0,8,4
"Trever","OCEAN","EUR","OCEANEUR","OCEAN/EUR",1.0,900000.0,0,4
"BitVavo","OGN","EUR","OGNEUR","OGN-EUR",2.0,999999999.0,2,5
"Kraken","OGN","EUR","OGNEUR","OGN/EUR",5.0,999999999.0,8,4
"Talos_All","OGN","EUR","OGNEUR","OGN-EUR",5.0,999999999.0,8,4
"Talos_Exchanges","OGN","EUR","OGNEUR","OGN-EUR",5.0,999999999.0,8,4
"Talos_Kraken","OGN","EUR","OGNEUR","OGN-EUR",5.0,999999999.0,8,4
"Trever","OGN","EUR","OGNEUR","OGN/EUR",1.0,900000.0,0,4
"Bitstamp","OMG","EUR","OMGEUR","OMG/EUR",44.84626393,999999999.0,8,2
"BitVavo","OMG","EUR","OMGEUR","OMG-EUR",0.5,999999999.0,2,5
"Coinbase","OMG","EUR","OMGEUR","OMG-EUR",0.1,83000.0,1,2
"Kraken","OMG","EUR","OMGEUR","OMG/EUR",0.5,999999999.0,8,6
"Talos_All","OMG","EUR","OMGEUR","OMG-EUR",44.84626393,83000.0,1,2
"Talos_Exchanges","OMG","EUR","OMGEUR","OMG-EUR",44.84626393,83000.0,1,2
"Talos_Kraken","OMG","EUR","OMGEUR","OMG-EUR",0.5,999999999.0,8,6
"Trever","OMG","EUR","OMGEUR","OMG/EUR",0.1,900000.0,1,3
"BitVavo","OXT","EUR","OXTEUR","OXT-EUR",6.0,999999999.0,2,5
"Kraken","OXT","EUR","OXTEUR","OXT/EUR",10.0,999999999.0,8,5
"Talos_All","OXT","EUR","OXTEUR","OXT-EUR",10.0,999999999.0,8,5
"Talos_Exchanges","OXT","EUR","OXTEUR","OXT-EUR",10.0,999999999.0,8,5
"Talos_Kraken","OXT","EUR","OXTEUR","OXT-EUR",10.0,999999999.0,8,5
"Trever","OXT","EUR","OXTEUR","OXT/EUR",1.0,900000.0,0,4
"Kraken","PAXG","EUR","PAXGEUR","PAXG/EUR",0.004,999999999.0,8,2
"Talos_All","PAXG","EUR","PAXGEUR","PAXG-EUR",0.004,999999999.0,8,2
"Talos_Exchanges","PAXG","EUR","PAXGEUR","PAXG-EUR",0.004,999999999.0,8,2
"Talos_Kraken","PAXG","EUR","PAXGEUR","PAXG-EUR",0.004,999999999.0,8,2
"Bitstamp","PERP","EUR","PERPEUR","PERP/EUR",86.93168706,999999999.0,8,3
"BitVavo","PERP","EUR","PERPEUR","PERP-EUR",0.4,999999999.0,2,5
"Coinbase","PERP","EUR","PERPEUR","PERP-EUR",0.059,23000.0,3,2
"Kraken","PERP","EUR","PERPEUR","PERP/EUR",5.0,999999999.0,8,3
"Talos_All","PERP","EUR","PERPEUR","PERP-EUR",86.93168706,23000.0,3,2
"Talos_Exchanges","PERP","EUR","PERPEUR","PERP-EUR",86.93168706,23000.0,3,2
"Talos_Kraken","PERP","EUR","PERPEUR","PERP-EUR",5.0,999999999.0,8,3
"ETFPotPrices","PFT","EUR","PFTEUR","ETF_GENESIS",1.0,9999999999.0,6,6
"BitVavo","PHA","EUR","PHAEUR","PHA-EUR",5.0,999999999.0,2,5
"Kraken","PHA","EUR","PHAEUR","PHA/EUR",25.0,999999999.0,8,4
"Talos_All","PHA","EUR","PHAEUR","PHA-EUR",25.0,999999999.0,8,4
"Talos_Exchanges","PHA","EUR","PHAEUR","PHA-EUR",25.0,999999999.0,8,4
"Talos_Kraken","PHA","EUR","PHAEUR","PHA-EUR",25.0,999999999.0,8,4
"BitVavo","POWR","EUR","POWREUR","POWR-EUR",9.0,999999999.0,2,5
"Kraken","POWR","EUR","POWREUR","POWR/EUR",10.0,999999999.0,8,4
"Talos_All","POWR","EUR","POWREUR","POWR-EUR",10.0,999999999.0,8,4
"Talos_Exchanges","POWR","EUR","POWREUR","POWR-EUR",10.0,999999999.0,8,4
"Talos_Kraken","POWR","EUR","POWREUR","POWR-EUR",10.0,999999999.0,8,4
"ETFPotPrices","PVP","EUR","PVPEUR","ETF_PLAIN_VANILLA",1.0,9999999999.0,6,6
"Kraken","QNT","EUR","QNTEUR","QNT/EUR",0.05,999999999.0,8,2
"Talos_All","QNT","EUR","QNTEUR","QNT-EUR",0.05,999999999.0,8,2
"Talos_Exchanges","QNT","EUR","QNTEUR","QNT-EUR",0.05,999999999.0,8,2
"Talos_Kraken","QNT","EUR","QNTEUR","QNT-EUR",0.05,999999999.0,8,2
"BitVavo","QTUM","EUR","QTUMEUR","QTUM-EUR",0.3,999999999.0,2,5
"Kraken","QTUM","EUR","QTUMEUR","QTUM/EUR",0.5,999999999.0,8,5
"Talos_All","QTUM","EUR","QTUMEUR","QTUM-EUR",0.5,999999999.0,8,5
"Talos_Exchanges","QTUM","EUR","QTUMEUR","QTUM-EUR",0.5,999999999.0,8,5
"Talos_Kraken","QTUM","EUR","QTUMEUR","QTUM-EUR",0.5,999999999.0,8,5
"Kraken","RARI","EUR","RARIEUR","RARI/EUR",0.3,999999999.0,8,2
"Talos_All","RARI","EUR","RARIEUR","RARI-EUR",0.3,999999999.0,8,2
"Talos_Exchanges","RARI","EUR","RARIEUR","RARI-EUR",0.3,999999999.0,8,2
"Talos_Kraken","RARI","EUR","RARIEUR","RARI-EUR",0.3,999999999.0,8,2
"Kraken","RAY","EUR","RAYEUR","RAY/EUR",5.0,999999999.0,8,3
"Talos_All","RAY","EUR","RAYEUR","RAY-EUR",5.0,999999999.0,8,3
"Talos_Exchanges","RAY","EUR","RAYEUR","RAY-EUR",5.0,999999999.0,8,3
"Talos_Kraken","RAY","EUR","RAYEUR","RAY-EUR",5.0,999999999.0,8,3
"Trever","RAY","EUR","RAYEUR","RAY/EUR",0.1,9222449.0,1,3
"BitVavo","REN","EUR","RENEUR","REN-EUR",4.0,999999999.0,2,5
"Kraken","REN","EUR","RENEUR","REN/EUR",25.0,999999999.0,8,4
"Talos_All","REN","EUR","RENEUR","REN-EUR",25.0,999999999.0,8,4
"Talos_Exchanges","REN","EUR","RENEUR","REN-EUR",25.0,999999999.0,8,4
"Talos_Kraken","REN","EUR","RENEUR","REN-EUR",25.0,999999999.0,8,4
"Trever","REN","EUR","RENEUR","REN/EUR",1.0,9000000.0,0,4
"BitVavo","REP","EUR","REPEUR","REP-EUR",0.1,999999999.0,2,5
"Kraken","REP","EUR","REPEUR","REPV2/EUR",0.15,999999999.0,8,3
"Talos_All","REP","EUR","REPEUR","REP-EUR",0.15,999999999.0,8,3
"Talos_Exchanges","REP","EUR","REPEUR","REP-EUR",0.15,999999999.0,8,3
"Talos_Kraken","REP","EUR","REPEUR","REP-EUR",0.15,999999999.0,8,3
"BitVavo","RLY","EUR","RLYEUR","RLY-EUR",9.0,999999999.0,2,5
"Coinbase","RLY","EUR","RLYEUR","RLY-EUR",1.0,640000.0,0,4
"Talos_All","RLY","EUR","RLYEUR","RLY-EUR",1.0,640000.0,0,4
"Talos_Exchanges","RLY","EUR","RLYEUR","RLY-EUR",1.0,640000.0,0,4
"BitVavo","RNDR","EUR","RNDREUR","RNDR-EUR",10.0,999999999.0,2,5
"Kraken","RNDR","EUR","RNDREUR","RNDR/EUR",3.0,999999999.0,8,4
"Talos_All","RNDR","EUR","RNDREUR","RNDR-EUR",3.0,999999999.0,8,4
"Talos_Exchanges","RNDR","EUR","RNDREUR","RNDR-EUR",3.0,999999999.0,8,4
"Talos_Kraken","RNDR","EUR","RNDREUR","RNDR-EUR",3.0,999999999.0,8,4
"Binance","RUNE","EUR","RUNEEUR","runeeur",0.1,9222449.0,1,3
"BitVavo","RUNE","EUR","RUNEEUR","RUNE-EUR",0.4,999999999.0,2,5
"Talos_All","RUNE","EUR","RUNEEUR","RUNE-EUR",0.1,9222449.0,1,3
"Talos_Binance","RUNE","EUR","RUNEEUR","RUNE-EUR",0.1,9222449.0,1,3
"Talos_Exchanges","RUNE","EUR","RUNEEUR","RUNE-EUR",0.1,9222449.0,1,3
"Binance","SAND","BRL","SANDBRL","sandbrl",0.01,9222449.0,2,2
"Talos_All","SAND","BRL","SANDBRL","SAND-BRL",0.01,9222449.0,2,2
"Talos_Binance","SAND","BRL","SANDBRL","SAND-BRL",0.01,9222449.0,2,2
"Talos_Exchanges","SAND","BRL","SANDBRL","SAND-BRL",0.01,9222449.0,2,2
"Bitstamp","SAND","EUR","SANDEUR","SAND/EUR",83.4040065,999999999.0,8,5
"BitVavo","SAND","EUR","SANDEUR","SAND-EUR",6.0,999999999.0,2,5
"Kraken","SAND","EUR","SANDEUR","SAND/EUR",2.5,999999999.0,8,4
"Talos_All","SAND","EUR","SANDEUR","SAND-EUR",83.4040065,999999999.0,8,4
"Talos_Exchanges","SAND","EUR","SANDEUR","SAND-EUR",83.4040065,999999999.0,8,4
"Talos_Kraken","SAND","EUR","SANDEUR","SAND-EUR",2.5,999999999.0,8,4
"Trever","SAND","EUR","SANDEUR","SAND/EUR",1.0,9000000.0,0,4
"Binance","SANTOS","BRL","SANTOSBRL","santosbrl",0.01,9222449.0,2,2
"Talos_All","SANTOS","BRL","SANTOSBRL","SANTOS-BRL",0.01,9222449.0,2,2
"Talos_Binance","SANTOS","BRL","SANTOSBRL","SANTOS-BRL",0.01,9222449.0,2,2
"Talos_Exchanges","SANTOS","BRL","SANTOSBRL","SANTOS-BRL",0.01,9222449.0,2,2
"Bitstamp","SGB","EUR","SGBEUR","SGB/EUR",2857.8039521,999999999.0,8,5
"Kraken","SGB","EUR","SGBEUR","SGB/EUR",150.0,999999999.0,8,4
"Talos_All","SGB","EUR","SGBEUR","SGB-EUR",2857.8039521,999999999.0,8,4
"Talos_Exchanges","SGB","EUR","SGBEUR","SGB-EUR",2857.8039521,999999999.0,8,4
"Talos_Kraken","SGB","EUR","SGBEUR","SGB-EUR",150.0,999999999.0,8,4
"Binance","SHIB","BRL","SHIBBRL","shibbrl",1.0,46116860414.0,0,8
"Talos_All","SHIB","BRL","SHIBBRL","SHIB-BRL",1.0,46116860414.0,0,8
"Talos_Binance","SHIB","BRL","SHIBBRL","SHIB-BRL",1.0,46116860414.0,0,8
"Talos_Exchanges","SHIB","BRL","SHIBBRL","SHIB-BRL",1.0,46116860414.0,0,8
"Binance","SHIB","EUR","SHIBEUR","shibeur",1.0,46116860414.0,0,8
"BitVavo","SHIB","EUR","SHIBEUR","SHIB-EUR",500000.0,999999999.0,2,5
"Coinbase","SHIB","EUR","SHIBEUR","SHIB-EUR",18000.0,21000000000.0,0,7
"Kraken","SHIB","EUR","SHIBEUR","SHIB/EUR",500000.0,999999999.0,5,8
"Talos_All","SHIB","EUR","SHIBEUR","SHIB-EUR",500000.0,999999999.0,0,7
"Talos_Binance","SHIB","EUR","SHIBEUR","SHIB-EUR",1.0,46116860414.0,0,8
"Talos_Exchanges","SHIB","EUR","SHIBEUR","SHIB-EUR",500000.0,999999999.0,0,7
"Talos_Kraken","SHIB","EUR","SHIBEUR","SHIB-EUR",500000.0,999999999.0,5,8
"Trever","SHIB","EUR","SHIBEUR","SHIB/EUR",1.0,46116860414.0,0,8
"Bitstamp","SKL","EUR","SKLEUR","SKL/EUR",1664.12706762,999999999.0,8,5
"BitVavo","SKL","EUR","SKLEUR","SKL-EUR",20.0,999999999.0,2,5
"Talos_All","SKL","EUR","SKLEUR","SKL-EUR",1664.12706762,999999999.0,8,5
"Talos_Exchanges","SKL","EUR","SKLEUR","SKL-EUR",1664.12706762,999999999.0,8,5
"Bitstamp","SLP","EUR","SLPEUR","SLP/EUR",20466.0,999999999.0,0,5
"BitVavo","SLP","EUR","SLPEUR","SLP-EUR",10.0,999999999.0,2,5
"Talos_All","SLP","EUR","SLPEUR","SLP-EUR",20466.0,999999999.0,0,5
"Talos_Exchanges","SLP","EUR","SLPEUR","SLP-EUR",20466.0,999999999.0,0,5
"Bitstamp","SNX","EUR","SNXEUR","SNX/EUR",39.16148054,999999999.0,8,5
"BitVavo","SNX","EUR","SNXEUR","SNX-EUR",0.1,999999999.0,2,5
"Coinbase","SNX","EUR","SNXEUR","SNX-EUR",0.098,39000.0,3,3
"Kraken","SNX","EUR","SNXEUR","SNX/EUR",0.4,999999999.0,8,3
"Talos_All","SNX","EUR","SNXEUR","SNX-EUR",39.16148054,39000.0,3,3
"Talos_Exchanges","SNX","EUR","SNXEUR","SNX-EUR",39.16148054,39000.0,3,3
"Talos_Kraken","SNX","EUR","SNXEUR","SNX-EUR",0.4,999999999.0,8,3
"Trever","SNX","EUR","SNXEUR","SNX/EUR",0.1,90000.0,1,3
"Binance","SOL","BRL","SOLBRL","solbrl",0.01,9222449.0,2,1
"Talos_All","SOL","BRL","SOLBRL","SOL-BRL",0.01,9222449.0,2,1
"Talos_Binance","SOL","BRL","SOLBRL","SOL-BRL",0.01,9222449.0,2,1
"Talos_Exchanges","SOL","BRL","SOLBRL","SOL-BRL",0.01,9222449.0,2,1
"B2C2","SOL","CAD","SOLCAD","SOLCAD.SPOT",0.1,4000.0,4,5
"Talos_All","SOL","CAD","SOLCAD","SOL-CAD",0.1,4000.0,4,5
"Talos_OTC","SOL","CAD","SOLCAD","SOL-CAD",0.1,4000.0,4,5
"B2C2","SOL","EUR","SOLEUR","SOLEUR.SPOT",0.1,4000.0,4,5
"Binance","SOL","EUR","SOLEUR","soleur",0.01,9222440.0,2,2
"Coinbase","SOL","EUR","SOLEUR","SOL-EUR",0.004,11000.0,3,2
"Kraken","SOL","EUR","SOLEUR","SOL/EUR",0.02,999999999.0,8,2
"Talos_All","SOL","EUR","SOLEUR","SOL-EUR",0.1,4000.0,2,2
"Talos_Binance","SOL","EUR","SOLEUR","SOL-EUR",0.01,9222440.0,2,2
"Talos_Exchanges","SOL","EUR","SOLEUR","SOL-EUR",0.02,11000.0,2,2
"Talos_Kraken","SOL","EUR","SOLEUR","SOL-EUR",0.02,999999999.0,8,2
"Talos_OTC","SOL","EUR","SOLEUR","SOL-EUR",0.1,4000.0,4,5
"BitVavo","SRM","EUR","SRMEUR","SRM-EUR",1.0,999999999.0,2,5
"Kraken","SRM","EUR","SRMEUR","SRM/EUR",1.0,999999999.0,8,3
"Talos_All","SRM","EUR","SRMEUR","SRM-EUR",1.0,999999999.0,8,3
"Talos_Exchanges","SRM","EUR","SRMEUR","SRM-EUR",1.0,999999999.0,8,3
"Talos_Kraken","SRM","EUR","SRMEUR","SRM-EUR",1.0,999999999.0,8,3
"Trever","SRM","EUR","SRMEUR","SRM/EUR",0.1,900000.0,1,3
"Bitstamp","STORJ","EUR","STORJEUR","STORJ/EUR",191.82882355,999999999.0,8,5
"BitVavo","STORJ","EUR","STORJEUR","STORJ-EUR",2.0,999999999.0,2,5
"Kraken","STORJ","EUR","STORJEUR","STORJ/EUR",3.0,999999999.0,8,5
"Talos_All","STORJ","EUR","STORJEUR","STORJ-EUR",191.82882355,999999999.0,8,5
"Talos_Exchanges","STORJ","EUR","STORJEUR","STORJ-EUR",191.82882355,999999999.0,8,5
"Talos_Kraken","STORJ","EUR","STORJEUR","STORJ-EUR",3.0,999999999.0,8,5
"BitVavo","STX","EUR","STXEUR","STX-EUR",3.0,999999999.0,2,5
"Bitstamp","SUSHI","EUR","SUSHIEUR","SUSHI/EUR",69.49130195,999999999.0,8,5
"BitVavo","SUSHI","EUR","SUSHIEUR","SUSHI-EUR",0.2,999999999.0,2,5
"Coinbase","SUSHI","EUR","SUSHIEUR","SUSHI-EUR",0.08,75000.0,2,3
"Kraken","SUSHI","EUR","SUSHIEUR","SUSHI/EUR",2.5,999999999.0,8,3
"Talos_All","SUSHI","EUR","SUSHIEUR","SUSHI-EUR",69.49130195,75000.0,2,3
"Talos_Exchanges","SUSHI","EUR","SUSHIEUR","SUSHI-EUR",69.49130195,75000.0,2,3
"Talos_Kraken","SUSHI","EUR","SUSHIEUR","SUSHI-EUR",2.5,999999999.0,8,3
"Trever","SUSHI","EUR","SUSHIEUR","SUSHIEUR",1.0,5.0,1,2
"Binance","SXP","EUR","SXPEUR","sxpeur",0.1,922327.0,1,3
"Bitstamp","SXP","EUR","SXPEUR","SXP/EUR",188.00169989,999999999.0,8,5
"BitVavo","SXP","EUR","SXPEUR","SXP-EUR",1.0,999999999.0,2,5
"Talos_All","SXP","EUR","SXPEUR","SXP-EUR",188.00169989,922327.0,1,3
"Talos_Binance","SXP","EUR","SXPEUR","SXP-EUR",0.1,922327.0,1,3
"Talos_Exchanges","SXP","EUR","SXPEUR","SXP-EUR",188.00169989,922327.0,1,3
"Binance","THETA","EUR","THETAEUR","thetaeur",0.1,90000.0,1,3
"BitVavo","THETA","EUR","THETAEUR","THETA-EUR",1.0,999999999.0,2,5
"Talos_All","THETA","EUR","THETAEUR","THETA-EUR",0.1,90000.0,1,3
"Talos_Binance","THETA","EUR","THETAEUR","THETA-EUR",0.1,90000.0,1,3
"Talos_Exchanges","THETA","EUR","THETAEUR","THETA-EUR",0.1,90000.0,1,3
"Trever","THETA","EUR","THETAEUR","THETA/EUR",0.1,90000.0,1,3
"Kraken","TRIBE","EUR","TRIBEEUR","TRIBE/EUR",10.0,999999999.0,8,4
"Talos_All","TRIBE","EUR","TRIBEEUR","TRIBE-EUR",10.0,999999999.0,8,4
"Talos_Exchanges","TRIBE","EUR","TRIBEEUR","TRIBE-EUR",10.0,999999999.0,8,4
"Talos_Kraken","TRIBE","EUR","TRIBEEUR","TRIBE-EUR",10.0,999999999.0,8,4
"Binance","TRX","EUR","TRXEUR","trxeur",1.0,90000000.0,0,5
"Bitfinex","TRX","EUR","TRXEUR","tTRXEUR",34.0,1000000.0,8,5
"Kraken","TRX","EUR","TRXEUR","TRX/EUR",50.0,999999999.0,8,6
"Talos_All","TRX","EUR","TRXEUR","TRX-EUR",50.0,1000000.0,0,5
"Talos_Binance","TRX","EUR","TRXEUR","TRX-EUR",1.0,90000000.0,0,5
"Talos_Exchanges","TRX","EUR","TRXEUR","TRX-EUR",50.0,1000000.0,0,5
"Talos_Kraken","TRX","EUR","TRXEUR","TRX-EUR",50.0,999999999.0,8,6
"Bitstamp","UMA","EUR","UMAEUR","UMA/EUR",35.38531991,999999999.0,8,2
"BitVavo","UMA","EUR","UMAEUR","UMA-EUR",0.1,999999999.0,2,5
"Coinbase","UMA","EUR","UMAEUR","UMA-EUR",0.062,27000.0,3,3
"Kraken","UMA","EUR","UMAEUR","UMA/EUR",1.0,999999999.0,8,3
"Talos_All","UMA","EUR","UMAEUR","UMA-EUR",35.38531991,27000.0,3,2
"Talos_Exchanges","UMA","EUR","UMAEUR","UMA-EUR",35.38531991,27000.0,3,2
"Talos_Kraken","UMA","EUR","UMAEUR","UMA-EUR",1.0,999999999.0,8,3
"Trever","UMA","EUR","UMAEUR","UMA/EUR",0.1,90000.0,1,3
"B2C2","UNI","CAD","UNICAD","UNICAD.SPOT",0.1,25000.0,4,5
"Talos_All","UNI","CAD","UNICAD","UNI-CAD",0.1,25000.0,4,5
"Talos_OTC","UNI","CAD","UNICAD","UNI-CAD",0.1,25000.0,4,5
"B2C2","UNI","EUR","UNIEUR","UNIEUR.SPOT",0.1,25000.0,4,5
"Binance","UNI","EUR","UNIEUR","unieur",0.01,90000.0,2,2
"Bitstamp","UNI","EUR","UNIEUR","UNI/EUR",21.27293326,999999999.0,8,5
"Coinbase","UNI","EUR","UNIEUR","UNI-EUR",0.04,16000.0,3,2
"Kraken","UNI","EUR","UNIEUR","UNI/EUR",0.2,999999999.0,8,3
"Talos_All","UNI","EUR","UNIEUR","UNI-EUR",21.27293326,16000.0,2,2
"Talos_Binance","UNI","EUR","UNIEUR","UNI-EUR",0.01,90000.0,2,2
"Talos_Exchanges","UNI","EUR","UNIEUR","UNI-EUR",21.27293326,16000.0,2,2
"Talos_Kraken","UNI","EUR","UNIEUR","UNI-EUR",0.2,999999999.0,8,3
"Talos_OTC","UNI","EUR","UNIEUR","UNI-EUR",0.1,25000.0,4,5
"B2C2","USDC","CAD","USDCCAD","USCCAD.SPOT",0.01,600000.0,4,5
"Talos_All","USDC","CAD","USDCCAD","USDC-CAD",0.01,600000.0,4,5
"Talos_OTC","USDC","CAD","USDCCAD","USDC-CAD",0.01,600000.0,4,5
"B2C2","USDC","EUR","USDCEUR","USCEUR.SPOT",0.01,600000.0,4,5
"Bitstamp","USDC","EUR","USDCEUR","USDC/EUR",107.25216,999999999.0,5,5
"Coinbase","USDC","EUR","USDCEUR","USDC-EUR",0.97,2000000.0,2,4
"Kraken","USDC","EUR","USDCEUR","USDC/EUR",5.0,999999999.0,8,4
"Talos_All","USDC","EUR","USDCEUR","USDC-EUR",107.25216,600000.0,2,4
"Talos_Exchanges","USDC","EUR","USDCEUR","USDC-EUR",107.25216,2000000.0,2,4
"Talos_Kraken","USDC","EUR","USDCEUR","USDC-EUR",5.0,999999999.0,8,4
"Talos_OTC","USDC","EUR","USDCEUR","USDC-EUR",0.01,600000.0,4,5
"Binance","USDT","BRL","USDTBRL","usdtbrl",0.1,9222449.0,1,3
"Talos_All","USDT","BRL","USDTBRL","USDT-BRL",0.1,9222449.0,1,3
"Talos_Binance","USDT","BRL","USDTBRL","USDT-BRL",0.1,9222449.0,1,3
"Talos_Exchanges","USDT","BRL","USDTBRL","USDT-BRL",0.1,9222449.0,1,3
"Kraken","USDT","CAD","USDTCAD","USDT/CAD",5.0,999999999.0,8,4
"Talos_All","USDT","CAD","USDTCAD","USDT-CAD",5.0,999999999.0,8,4
"Talos_Exchanges","USDT","CAD","USDTCAD","USDT-CAD",5.0,999999999.0,8,4
"Talos_Kraken","USDT","CAD","USDTCAD","USDT-CAD",5.0,999999999.0,8,4
"Bitstamp","USDT","EUR","USDTEUR","USDT/EUR",107.34735,999999999.0,5,5
"Coinbase","USDT","EUR","USDTEUR","USDT-EUR",0.97,1800000.0,2,4
"Kraken","USDT","EUR","USDTEUR","USDT/EUR",5.0,999999999.0,8,4
"Talos_All","USDT","EUR","USDTEUR","USDT-EUR",107.34735,1800000.0,2,4
"Talos_Exchanges","USDT","EUR","USDTEUR","USDT-EUR",107.34735,1800000.0,2,4
"Talos_Kraken","USDT","EUR","USDTEUR","USDT-EUR",5.0,999999999.0,8,4
"Bitstamp","USTC","EUR","USTCEUR","UST/EUR",5064.94,999999999.0,2,3
"Kraken","USTC","EUR","USTCEUR","UST/EUR",100.0,999999999.0,8,5
"Talos_All","USTC","EUR","USTCEUR","USTC-EUR",5064.94,999999999.0,2,3
"Talos_Exchanges","USTC","EUR","USTCEUR","USTC-EUR",5064.94,999999999.0,2,3
"Talos_Kraken","USTC","EUR","USTCEUR","USTC-EUR",100.0,999999999.0,8,5
"Binance","VET","EUR","VETEUR","veteur",0.01,92141578.0,2,5
"BitVavo","VET","EUR","VETEUR","VET-EUR",20.0,999999999.0,2,5
"Talos_All","VET","EUR","VETEUR","VET-EUR",0.01,92141578.0,2,5
"Talos_Binance","VET","EUR","VETEUR","VET-EUR",0.01,92141578.0,2,5
"Talos_Exchanges","VET","EUR","VETEUR","VET-EUR",0.01,92141578.0,2,5
"Binance","WAVES","EUR","WAVESEUR","waveseur",0.01,90000.0,2,2
"BitVavo","WAVES","EUR","WAVESEUR","WAVES-EUR",0.3,999999999.0,2,5
"Kraken","WAVES","EUR","WAVESEUR","WAVES/EUR",0.2,999999999.0,8,4
"Talos_All","WAVES","EUR","WAVESEUR","WAVES-EUR",0.2,90000.0,2,2
"Talos_Binance","WAVES","EUR","WAVESEUR","WAVES-EUR",0.01,90000.0,2,2
"Talos_Exchanges","WAVES","EUR","WAVESEUR","WAVES-EUR",0.2,90000.0,2,2
"Talos_Kraken","WAVES","EUR","WAVESEUR","WAVES-EUR",0.2,999999999.0,8,4
"Binance","WIN","BRL","WINBRL","winbrl",1.0,913205152.0,0,6
"Talos_All","WIN","BRL","WINBRL","WIN-BRL",1.0,913205152.0,0,6
"Talos_Binance","WIN","BRL","WINBRL","WIN-BRL",1.0,913205152.0,0,6
"Talos_Exchanges","WIN","BRL","WINBRL","WIN-BRL",1.0,913205152.0,0,6
"Binance","WIN","EUR","WINEUR","wineur",1.0,913205152.0,0,7
"BitVavo","WIN","EUR","WINEUR","WIN-EUR",10000.0,999999999.0,2,5
"Talos_All","WIN","EUR","WINEUR","WIN-EUR",1.0,913205152.0,0,7
"Talos_Binance","WIN","EUR","WINEUR","WIN-EUR",1.0,913205152.0,0,7
"Talos_Exchanges","WIN","EUR","WINEUR","WIN-EUR",1.0,913205152.0,0,7
"BitVavo","WOO","EUR","WOOEUR","WOO-EUR",6.0,999999999.0,2,5
"Kraken","WOO","EUR","WOOEUR","WOO/EUR",5.0,999999999.0,8,4
"Talos_All","WOO","EUR","WOOEUR","WOO-EUR",5.0,999999999.0,8,4
"Talos_Exchanges","WOO","EUR","WOOEUR","WOO-EUR",5.0,999999999.0,8,4
"Talos_Kraken","WOO","EUR","WOOEUR","WOO-EUR",5.0,999999999.0,8,4
"B2C2","XLM","CAD","XLMCAD","XLMCAD.SPOT",100.0,4000000.0,4,5
"Talos_All","XLM","CAD","XLMCAD","XLM-CAD",100.0,4000000.0,4,5
"Talos_OTC","XLM","CAD","XLMCAD","XLM-CAD",100.0,4000000.0,4,5
"B2C2","XLM","EUR","XLMEUR","XLMEUR.SPOT",100.0,4000000.0,4,5
"Binance","XLM","EUR","XLMEUR","xlmeur",1.0,9000000.0,0,4
"Bitstamp","XLM","EUR","XLMEUR","XLM/EUR",763.46435832,999999999.0,8,5
"BitVavo","XLM","EUR","XLMEUR","XLM-EUR",10.0,999999999.0,2,5
"Coinbase","XLM","EUR","XLMEUR","XLM-EUR",2.0,3000000.0,0,6
"Kraken","XLM","EUR","XLMEUR","XLM/EUR",10.0,999999999.0,8,6
"Talos_All","XLM","EUR","XLMEUR","XLM-EUR",763.46435832,3000000.0,0,4
"Talos_Binance","XLM","EUR","XLMEUR","XLM-EUR",1.0,9000000.0,0,4
"Talos_Exchanges","XLM","EUR","XLMEUR","XLM-EUR",763.46435832,3000000.0,0,4
"Talos_Kraken","XLM","EUR","XLMEUR","XLM-EUR",10.0,999999999.0,8,6
"Talos_OTC","XLM","EUR","XLMEUR","XLM-EUR",100.0,4000000.0,4,5
"BitVavo","XNO","EUR","XNOEUR","NANO-EUR",0.4,999999999.0,2,5
"Kraken","XNO","EUR","XNOEUR","NANO/EUR",1.5,999999999.0,8,6
"Talos_All","XNO","EUR","XNOEUR","XNO-EUR",1.5,999999999.0,8,6
"Talos_Exchanges","XNO","EUR","XNOEUR","XNO-EUR",1.5,999999999.0,8,6
"Talos_Kraken","XNO","EUR","XNOEUR","XNO-EUR",1.5,999999999.0,8,6
"Binance","XRP","BRL","XRPBRL","xrpbrl",1.0,922327.0,0,3
"Talos_All","XRP","BRL","XRPBRL","XRP-BRL",1.0,922327.0,0,3
"Talos_Binance","XRP","BRL","XRPBRL","XRP-BRL",1.0,922327.0,0,3
"Talos_Exchanges","XRP","BRL","XRPBRL","XRP-BRL",1.0,922327.0,0,3
"B2C2","XRP","CAD","XRPCAD","XRPCAD.SPOT",20.0,200000.0,4,5
"Kraken","XRP","CAD","XRPCAD","XRP/CAD",5.0,999999999.0,8,5
"Talos_All","XRP","CAD","XRPCAD","XRP-CAD",20.0,200000.0,4,5
"Talos_Exchanges","XRP","CAD","XRPCAD","XRP-CAD",5.0,999999999.0,8,5
"Talos_Kraken","XRP","CAD","XRPCAD","XRP-CAD",5.0,999999999.0,8,5
"Talos_OTC","XRP","CAD","XRPCAD","XRP-CAD",20.0,200000.0,4,5
"B2C2","XRP","EUR","XRPEUR","XRPEUR.SPOT",20.0,200000.0,4,5
"Binance","XRP","EUR","XRPEUR","xrpeur",1.0,900000.0,0,4
"Bitstamp","XRP","EUR","XRPEUR","XRP/EUR",277.46085952,999999999.0,8,5
"Kraken","XRP","EUR","XRPEUR","XRP/EUR",5.0,999999999.0,8,5
"Talos_All","XRP","EUR","XRPEUR","XRP-EUR",277.46085952,200000.0,0,4
"Talos_Binance","XRP","EUR","XRPEUR","XRP-EUR",1.0,900000.0,0,4
"Talos_Exchanges","XRP","EUR","XRPEUR","XRP-EUR",277.46085952,900000.0,0,4
"Talos_Kraken","XRP","EUR","XRPEUR","XRP-EUR",5.0,999999999.0,8,5
"Talos_OTC","XRP","EUR","XRPEUR","XRP-EUR",20.0,200000.0,4,5
"B2C2","XTZ","CAD","XTZCAD","XTZCAD.SPOT",1.0,170000.0,4,5
"Talos_All","XTZ","CAD","XTZCAD","XTZ-CAD",1.0,170000.0,4,5
"Talos_OTC","XTZ","CAD","XTZCAD","XTZ-CAD",1.0,170000.0,4,5
"B2C2","XTZ","EUR","XTZEUR","XTZEUR.SPOT",1.0,170000.0,4,5
"BitVavo","XTZ","EUR","XTZEUR","XTZ-EUR",1.0,999999999.0,2,5
"Coinbase","XTZ","EUR","XTZEUR","XTZ-EUR",0.16,200000.0,2,2
"Kraken","XTZ","EUR","XTZEUR","XTZ/EUR",1.0,999999999.0,8,4
"Talos_All","XTZ","EUR","XTZEUR","XTZ-EUR",1.0,170000.0,2,2
"Talos_Exchanges","XTZ","EUR","XTZEUR","XTZ-EUR",1.0,200000.0,2,2
"Talos_Kraken","XTZ","EUR","XTZEUR","XTZ-EUR",1.0,999999999.0,8,4
"Talos_OTC","XTZ","EUR","XTZEUR","XTZ-EUR",1.0,170000.0,4,5
"Coinbase","XYO","EUR","XYOEUR","XYO-EUR",17.0,7100000.0,1,6
"Talos_All","XYO","EUR","XYOEUR","XYO-EUR",17.0,7100000.0,1,6
"Talos_Exchanges","XYO","EUR","XYOEUR","XYO-EUR",17.0,7100000.0,1,6
"Binance","YFI","EUR","YFIEUR","yfieur",1e-05,9000.0,5,2
"Bitstamp","YFI","EUR","YFIEUR","YFI/EUR",0.01485074,999999999.0,8,2
"BitVavo","YFI","EUR","YFIEUR","YFI-EUR",0.0001,999999999.0,4,5
"Kraken","YFI","EUR","YFIEUR","YFI/EUR",0.00015,999999999.0,8,0
"Talos_All","YFI","EUR","YFIEUR","YFI-EUR",0.01485074,9000.0,5,0
"Talos_Binance","YFI","EUR","YFIEUR","YFI-EUR",1e-05,9000.0,5,2
"Talos_Exchanges","YFI","EUR","YFIEUR","YFI-EUR",0.01485074,9000.0,5,0
"Talos_Kraken","YFI","EUR","YFIEUR","YFI-EUR",0.00015,999999999.0,8,0
"Trever","YFI","EUR","YFIEUR","YFI/EUR",1e-05,9000.0,5,2
"Binance","ZIL","EUR","ZILEUR","zileur",0.1,9000000.0,1,5
"BitVavo","ZIL","EUR","ZILEUR","ZIL-EUR",20.0,999999999.0,2,5
"Talos_All","ZIL","EUR","ZILEUR","ZIL-EUR",0.1,9000000.0,1,5
"Talos_Binance","ZIL","EUR","ZILEUR","ZIL-EUR",0.1,9000000.0,1,5
"Talos_Exchanges","ZIL","EUR","ZILEUR","ZIL-EUR",0.1,9000000.0,1,5
"Bitstamp","ZRX","EUR","ZRXEUR","ZRX/EUR",277.50391575,999999999.0,8,5
"BitVavo","ZRX","EUR","ZRXEUR","ZRX-EUR",3.0,999999999.0,2,5
"Coinbase","ZRX","EUR","ZRXEUR","ZRX-EUR",0.79,640000.0,5,4
"Kraken","ZRX","EUR","ZRXEUR","ZRX/EUR",5.0,999999999.0,8,3
"Talos_All","ZRX","EUR","ZRXEUR","ZRX-EUR",277.50391575,640000.0,5,3
"Talos_Exchanges","ZRX","EUR","ZRXEUR","ZRX-EUR",277.50391575,640000.0,5,3
"Talos_Kraken","ZRX","EUR","ZRXEUR","ZRX-EUR",5.0,999999999.0,8,3
